Title,Sector,Description,Salary
Худалдааны төлөөлөгч,"Худалдаа, Борлуулалт","Гүйцэтгэх үндсэн үүрэгХарилцагч дэлгүүрүүдээс барааны захиалга авах /хүнс болон ахуй/
Бүтээгдэхүүний танилцуулга хийх,
Борлуулалтын сувгуудыг идэвхитэй байлгах,
Борлуулалтыг нэмэгдүүлэхэд анхаарч ажиллах","1,800,000 - 2,100,000 ₮"
SENIOR HUMAN RESOURCE MANAGER,Human Resourses,"Job description
Position overview: As the Senior HR Manager at MSM Group LLC you will play pivotal role in shaping our workforce and ensuring that we attract, retain, and develop the best talent. This position role in shaping our workforce and ensuring that we attract, retain and develop the best talent. This position requires a strategic thinker with a strong background in HR, specially in the areas of training and development and talent acquisition.
 
Main responsibility:
 

Oversee nd execute comprehensive training and development programs to enhance employee skill, knowledge, and career growth.
 
Lead talent acquisition process, working closely with department heads to identify staffing needs, source top talent, and ensure a smooth recruitment process.
 
Continuously assess the effectiveness of training and development initiatives and make improvements to align with the company’s strategic goals.
 
Collaborate with department heads to identify areas for skill development and design targeted training solutions
 
Stay up to date with industry trends, best practices, and emerging technologies in HR, training and talent acquisition.","4,000,000 - 5,000,000 MNT   /Monthly/"
ХАБЭА-н мэргэжилтэн /Хөдөө ажиллах/,"Үйлдвэрлэл, Дэд бүтэц","Гүйцэтгэх үндсэн үүрэгХАБЭА-н мэргэжилтэн нь төслийн талбайд үйлдвэрлэлийн болон үйлдвэрлэлийн бус хэсэгт хөдөлмөрийн аюулгүй ажиллагааг хангаж, зохион байгуулах, Хөдөлмөр Аюулгүй Ажиллагааны хууль тогтоомжийн дагуу холбогдох арга хэмжээнүүдийг авч хэрэгжүүлэхэд нийт ажилтнуудад туслах үүрэгтэй.","2,500,000 - 3,000,000 ₮"
Автын засварчин /Хөдөө ажиллах/,Автомашины засвар үйлчилгээ,"Гүйцэтгэх үндсэн үүрэгТехник тоног төхөөрөмжийн засвар үйлчилгээг цаг тухайд нь оновчтой хийж гүйцэтгэх, сэлбэг захиалах, өдөр тутмын үзлэг хийх, төлөвлөгөөт ба төлөвлөгөөт бус арчилгаа үйлчилгээ хийх","2,100,000 - 2,500,000 ₮"
Өмнөговьд- 2.2 сая₮ цалинтай худалдааны зөвлөх,"Худалдаа, Борлуулалт","Гүйцэтгэх үндсэн үүрэг

Электрон бараа, компьютерийн барааны талаар худалдан авагчдад тайлбарлах, зөв сонголт хийхэд нь мэргэжлийн туслалцаа үзүүлэх, зөвлөх,


Борлуулалтын төлөвлөгөөт зорилтыг хангаж ажиллах,

Худалдааны зөвлөх болон кассчины үүргийг давхар гүйцэтгэх.","2,500,000 - 3,000,000 ₮"
Үндсэн цалинтайАгент сургаж авна.,"Барилга, Үл хөдлөх хөрөнгө","Гүйцэтгэх үндсэн үүрэгГүйцэтгэх үүрэг:
1. Зах зээлийн судалгаа хийх
2. Чанартай листинг үүсгэх
3. Хэлэлцээр хийх гэрээ байгуулах
4. Зар сурталчилгаа явуулах
5. Хандалтын дататай ажиллах
6. Хууль эрх зүйн орчин зөв, бодитой гэрээ байгуулах
7. Хамтран ажиллаж байгаа харилцагчидаа халамжлах, харилцагчидтайгаа эргэх холбоотой ажилладаг байх
8. Төлөвлөгөө, гүйцэтгэлийн дагуу шууд удирлагад ажлаа тайлагнах, сайжруулалт хийх чадвартай байх","1,500,000 - 1,800,000 ₮"
Эвент хариуцсан зохион байгуулагч,"Ресторан, Хоол үйлдвэрлэл","Гүйцэтгэх үндсэн үүрэг1. Бүх төрлийн хүлээн авалтыг удирдан зохион байгуулах
2. Цагийн ажилтнуудын сургах, чиглүүлэх, удирдлагаар хангах, үнэлэх
3. Гарсан асуудлыг шийдвэрлэх
4. Захиалгын менежер, дууны техникч, захиалагч талын зохион байгуулагч нартай уялдаа холбоотой ажиллах
5. Мэргэжлээрээ ажиллаж байсан туршлагатай","1,500,000 - 1,800,000 ₮"
Маркетингийн Менежер,"Худалдаа, Борлуулалт","Гүйцэтгэх үндсэн үүрэг
Компанийн маркетинг, идэвхжүүлэлттэй холбоотой судалгаа, шинжилгээний ажлыг төлөвлөлтийн дагуу тогтмол гүйцэтгэх, судалгааны харьцуулалт, үр дүнд үндэслэн цаашид баримтлах бодлого, үйл ажиллагааны төлөвлөлтийг хийж, хэрэгжүүлэх;
Зах зээлд эзлэх хувь хэмжээгээ нэмэгдүүлэх, маркетингийн бодлого, төлөвлөлтийг тодорхойлж, гүйцэтгэлийн хэрэгжилтэнд хяналт тавих;
Маркетинг, борлуулалтын орлого, зардлыг төлөвлөх, үр ашгийг тооцох, тайлагнах;
Компанийн борлуулалтыг нэмэгдүүлэхэд чиглэсэн маркетингийн ажлыг зохион байгуулах",
"НИЙГЭМ, ЭДИЙН ЗАСГИЙН  ХЭЛТСИЙН АХЛАХ МЭРГЭЖИЛТЭН","Төрийн болон төрийн бус байгууллага, ОУБ","Гүйцэтгэх үндсэн үүрэгАжлын байрны зорилго: МҮЭ-ийн гишүүд, хөдөлмөрчдийн  цалин хөлс, хөдөлмөрийн бүтээмжийг  сайржуулан амьдралын чанарыг дээшлүүлэхэд оршино.
Гүйцэтгэх үндсэн чиг үүрэг: 

Хөдөлмөрийн зах зээлийн судалгаа хийж, мэдээллийн бааз бүрдүүлэх
Цалин хөлс, бүтээмж, эдийн засагтай холбоотой асуудлаар ОУ-ын байгууллага, төр засаг, холбогдох байгууллагуудтай хамтрах
Мэргэжлийн болон чиг үүргийн удирдлагаар харьяалах  ажилтнаа чиглүүлэх","1,000,000 - 1,200,000 ₮"
Хүний нөөцийн ажилтан / HR officer,"Захиргаа, Хүний нөөц",Гүйцэтгэх үндсэн үүрэгШинэ төгсөгч байж болно.,"2,100,000 - 2,500,000 ₮"
Худалдааны зөвлөх,"Худалдаа, Борлуулалт","Гүйцэтгэх үндсэн үүрэгХариуцсан брэндийн борлуулалтыг хийх
Үйлчилгээний стандартыг баримтлан ажиллах
Брэнд хөгжүүлэлтэнд хувь нэмэрээ оруулах","1,200,000 - 1,500,000 ₮"
Сүлжээ хариуцсан Худалдааны төлөөлөгч ажилд авна.,"Худалдаа, Борлуулалт","Гүйцэтгэх үндсэн үүрэгБайгууллагын төлөөлөн гэрээ хэлэлцээр хийх.
Борлуулалт хийж, захиалга авах.
Шинэ харилцагч нээх.","1,800,000 - 2,100,000 ₮"
БАЯЖУУЛАХ ҮЙЛДВЭРИЙН ОПЕРАТОР,Уул уурхай,"Гүйцэтгэх үндсэн үүрэг-Ээлжийн мастерын удирдлаган тээрмийн нунтаглалт, тээрмийн шаар, хүдрийн харьцааг хянах, хөвүүлэн баяжуулалтын металл барилтыг удирдах, хянах, тохируулга хийх, баяжмалын нунтаглалтын зэрэг тодорхойлох, хаягдал гаргалтын чийгний хэмжээг хянан тохируулах, керамик шаазан (хавтан) фильтр ажиллуулах
-Ажлын байрны тодорхойлолтын дагуу ажиллах",
Нягтлан бодогч /Ulemj grease slon/,"Банк, санхүү, нягтлан бодох бүртгэл",Гүйцэтгэх үндсэн үүрэгАБТ-ын дагуу,
Call center operator,"Мэдээлэл технологи, Харилцаа холбоо","Гүйцэтгэх үндсэн үүрэг
Харилцагчид бараа бүтээгдэхүүний талаар дэлгэрэнгүй тайлбарлах, зээлийн үйлчилгээний талаар мэдээлэл өгөх, бараа бүтээгдэхүүн санал болгох","1,200,000 - 1,500,000 ₮"
БОРЛУУЛАЛТ ҮЙЛЧИЛГЭЭНИЙ МЭРГЭЖИЛТЭН,"Худалдаа, Борлуулалт","Гүйцэтгэх үндсэн үүрэгБорлуулалтыг үр дүнтэй удирдах явуулах замаар ашиг нэмэгдүүлэх гол зорилготой. Үүнд:
Борлуулалт, ашгийн хувь, үр ашигтай зарлагын үйл ажиллагааг удирдах болон ерөнхий барааны үйл ажиллагаа, дэлгүүрийн үйл ажиллагаа, барааны удирдлага, тоон үзүүлэлтийн удирдлага, ажилтны удирдлагыг уялдаа холбоотойгоо удирдан үр ашгийг нэмэгдүүлэх үүрэгтэй ба дарга бус хамт ажиллаж байгаа “Лидер”-ийн үүрэгтэй албан тушаал юм.","1,800,000 - 2,100,000 ₮"
ХАРИЛЦАГЧИЙН ҮЙЛЧИЛГЭЭНИЙ МЭРГЭЖИЛТЭН /ТЕЛЛЕР/,"Банк, санхүү, нягтлан бодох бүртгэл","Гүйцэтгэх үндсэн үүрэгХарилцагчийн санхүүгийн хэрэгцээнд нийцсэн банкны бүтээгдэхүүн, үйлчилгээг холбогдох бодлого, журам, заавар, харилцагчийн үйлчилгээний стандартын дагуу санал болгох, хүргэх, борлуулах, харилцагч төвтэй банк болохын төлөө ажиллах","1,200,000 - 1,500,000 ₮"
ХАРИЛЦААНЫ МЭРГЭЖИЛТЭН /АВТОМАШИНЫ ЛИЗИНГИЙН ТӨВ/,"Банк, санхүү, нягтлан бодох бүртгэл","Гүйцэтгэх үндсэн үүрэг
Лизингийн газрын үнэ цэнтэй харилцагчдад санхүүгийн иж бүрэн үйлчилгээ үзүүлэх, тэдгээрээс эх үүсвэр татах, салбарын харилцах, хадгаламжийн төлөвлөгөөг хангах, биелүүлэх;","1,200,000 - 1,500,000 ₮"
Нягтлан бодогч (Банкы салбар),"Банк, санхүү, нягтлан бодох бүртгэл","Гүйцэтгэх үндсэн үүрэг
Харилцагчийн болон дотоод төлбөр тооцоотой холбоотой гүйлгээг өдөр тутам хийж гүйцэтгэх;
Тайлан мэдээг цаг хугацаанд нь бэлтгэн холбогдох байгууллага болон банкны нэгжүүдэд хүргүүлэх;
Өдөр тутмын үйл ажиллагааг хялбаршуулах, автоматжуулах санал боловсруулж ажиллах","2,500,000 - 3,000,000 ₮"
Маркшейдер инженер,Уул уурхай,Гүйцэтгэх үндсэн үүрэгАжлын байрны тодорхойлолтод заасны дагуу,"2,100,000 - 2,500,000 ₮"
ЕРӨНХИЙ НЯГТЛАН БОДОГЧ,"Аялал жуулчлал, зочид буудал","Гүйцэтгэх үндсэн үүрэг
Компанийн нягтлан бодох бүртгэлийн бодлого, холбогдох журам зааварт нийцүүлэн үйл ажиллагааг оновчтой, үр ашигтай зохион байгуулах, төлөвлөх, хөгжүүлэх, хэрэгжилтэнд хяналт тавих, компанийн мөнгөн урсгал болон үр ашгийн тайланг хянаж, санхүүгийн шинжилгээ хийж, дүгнэлт гаргах
Нягтлан бодох бүртгэлийн үйл ажиллагааг удирдан зохион байгуулах
Санхүү, нягтлан бодох бүртгэлийн үйл ажиллагаанд хяналт хийх
Санхүүгийн тайлан, татварын тайлан бэлтгэх
Удирдлагыг шаардлагатай санхүүгийн тоон мэдээлэл, тайлангаар хангах
Нягтлан бодогч нарыг сургаж хөгжүүлэх, удирдлагаар хангах","3,000,000 - 4,000,000 ₮"
Санхүү хариуцсан захирал,"Банк, санхүү, нягтлан бодох бүртгэл","Гүйцэтгэх үндсэн үүрэгКомпанийн санхүүгийн богино болон урт хугацааны төсөв, төлөвлөгөө боловсруулах тэдгээрийн гүйцэтгэлд хяналт тавих, үнэлгээ дүгнэлт гаргах","5,000,000 - 6,000,000 ₮"
Нярав (Өмнөговь салбар),"Банк, санхүү, нягтлан бодох бүртгэл","Гүйцэтгэх үндсэн үүрэг
Бараа материалыг нэр төрлөөр нь төрөлжүүлэн хураан ангилах, хаяглах;
Өдөр тутмын тайлан, балансыг хугацаанд нь гаргах;
Бараа бүтээдэхүүний баримтын эмх цэгцтэй байдлыг хангах;
Бараа бүтээгдэхүүний бүрэн бүтэн болон аюулгүй байдлыг хариуцан ажиллана","1,800,000 - 2,100,000 ₮"
Тооцооны нягтлан бодогч,"Банк, санхүү, нягтлан бодох бүртгэл",Гүйцэтгэх үндсэн үүрэгАжлын байрны тодорхололтод заагдсан чиг үүргийн дагуу,"1,800,000 - 2,100,000 ₮"
БАНКИР,"Банк, санхүү, нягтлан бодох бүртгэл","Гүйцэтгэх үндсэн үүрэг
Салбар, тооцооны төвийн одоогийн болон шинээр татах зорилтот иргэн, аж ахуй нэгж байгууллагыг хариуцаж, харилцагчийн үндсэн банк болохын төлөө ажиллах
Банкны цогц үйлчилгээг холбогдох хууль дүрэм, бодлого журам, заавар, стандарт, нөхцөлийн дагуу харилцагчид үзүүлэх;","1,500,000 - 1,800,000 ₮"
Зээлийн эдийн засагч,"Банк, санхүү, нягтлан бодох бүртгэл","Гүйцэтгэх үндсэн үүрэг
Зээлийн судалгаа хийх, зээл олгох, зээлийн эргэн төлөлтөд хяналт тавьж ажиллах
АБТ-д тусгасан бусад ажил үүрэг","1,800,000 - 2,100,000 ₮"
Түгээлтийн жолооч ажилд авна,"Тээвэр, гааль, агуулах","Гүйцэтгэх үндсэн үүрэг- Эм, эмнэлгийн хэрэгслүүдийг эмнэлэг, эмийн сангуудад хүргэж өгнө.","1,200,000 - 1,500,000 ₮"
Зээлийн мэргэжилтэн /Эрсдэл/,"Банк, санхүү, нягтлан бодох бүртгэл","Гүйцэтгэх үндсэн үүрэгЗээлийн эргэн төлөлтөнд хяналт тавих,
Хугацаа хэтэрсэн финтек зээлийн харилцагчидтай холбогдож зээл төлүүлэх,
Ажлын байрны тодорхойлолтонд заасан бусад чиг үүргүүд","1,200,000 - 1,500,000 ₮"
Эрүүл ахуйч,Уул уурхай,"Гүйцэтгэх үндсэн үүрэгКомпанийн харъяа обьектуудын хоол үйлдвэрлэл болон үйлчилгээний стандартыг хангуулах,  эрүүл ахуйн нөхцөлийг бүрдүүлэх, хоол хүнсний эрүүл аюулгүй байдалд хяналт тавих, эрүүл аюулгүй хоол хүнсээр үйлчлүүлэгчдийг хангах","1,800,000 - 2,100,000 ₮"
Худалдааны ахлах зөвлөх,"Худалдаа, Борлуулалт","Гүйцэтгэх үндсэн үүрэг
Бүтээгдэхүүний талаар мэдээлэл сурталчилгаа хийх.
Хариуцсан эд хөрөнгийн бүрэн бүтэн байдлыг хариуцан ажиллах.
Бараа бүтээгдэхүүний тооллого, тооцоог хийх.
Үйлчилгээний стандартын дагуу үйлчлүүлэгчдэд бараа бүтээгдэхүүн тайлбарлах
Хэрэглэгч үйлчлүүлэгчдэд зөв боловсон соёлтой түргэн шуурхай үйлчлэх
Ажлын байрны тодорхойлолтод заасан бусад ажил үүргүүд","2,100,000 - 2,500,000 ₮"
Үйлдвэрийн эдийн засагч,"Банк, санхүү, нягтлан бодох бүртгэл","Гүйцэтгэх үндсэн үүрэгБизнес, стратегийн төлөвлөгөөний төлөвлөлт тооцоог боловсруулах
Бүтээгдэхүүний өртөг, эдийн засгийн үр ашгийг тооцоолох
Компанийн эдийн засгийн үр дүнд гарч болох өөрчлөлт, өртөг зардлын өсөлт, бууралт, татвар, инфляцийн нөлөөллийг тусган, борлуулалтыг үр ашигтай байлгах шуурхай тооцоо судалгаа гаргах","1,800,000 - 2,100,000 ₮"
ХАБЭА-н менежер,"Худалдаа, Борлуулалт","Гүйцэтгэх үндсэн үүрэгАжлын байрны тодорхойлолтод заасны дагуу ажил үүргийг гүйцэтгэх 
Компанийн ХАБЭА-н процессыг бие даан хариуцан гүйцэтгэх","1,800,000 - 2,100,000 ₮"
"ХН-ийн бүрдүүлэлт, сш-ын ажилтан","Худалдаа, Борлуулалт","Гүйцэтгэх үндсэн үүрэгКомпанийн нээлттэй ажлын байруудад бүрдүүлэлт, сонгон шалгаруулалтын хуулийн хүрээнд мэргэжлийн дагуу хийж гүйцэтгэх
Шинэ ажилтныг чиглүүлэх дасан зохицуулах
Ажил, албан тушаалын тодорхойлолтод заагдсан ажил үүргийг гүйцэтгэх","1,500,000 - 1,800,000 ₮"
Зөвлөх инженер ажилд авна,Автомашины засвар үйлчилгээ,"Гүйцэтгэх үндсэн үүрэгТээврийн хэрэгслийн эвдрэл оношлох
Засвар үйлчилгээг технологийн дагуу хийлгэх
Инженер техникийн ажилчдыг чадваржуулах",
"Борлуулалт, маркетинг хариуцсан захирал ажилд авна","Худалдаа, Борлуулалт","Гүйцэтгэх үндсэн үүрэгБорлуулалт, маркетингийн хөтөлбөр боловсруулан хэрэгжүүлэх
Компанийн бизнес төлөвлөгөөний биелэлтийг ханган ажиллах
Стратегийн гол зорилгуудыг хэрэгжүүлэх
Маркетингийн үйл ажиллагааг идэвхижүүлэх
Борлуулалтын төлөвлөгөөг биелүүлэх
Баг хамт олны өдөр тутмын үйл ажиллагааг удирдан зохион байгуулах
Шинэ брэнд, бүтээгдэхүүн хөгжүүлэлтийн процессыг хариуцах","5,000,000 - 6,000,000 ₮"
Англи хэлнйи багш,"Боловсрол, Шинжлэх ухаан",Гүйцэтгэх үндсэн үүрэг-Сургалтын төвд 10-16 насны хүүхдүүдэд хуваарийн дагуу хичээл заах,"1,500,000 - 1,800,000 ₮"
Гал тогооны туслах ажилтан,"Ресторан, Хоол үйлдвэрлэл",Гүйцэтгэх үндсэн үүрэгСургуулийн гал тогоонд ажиллана,
Уулын мастер,Уул уурхай,"Гүйцэтгэх үндсэн үүрэгУурхайн ажлыг удирдан зохион байгуулах 
Уулын ажлын тайлан төлөвлөгөө, тооцоо хийх
Техникүүдийн ажлын хуваарилалт хийх","2,500,000 - 3,000,000 ₮"
Уулын оператор /дамп/,Уул уурхай,"Гүйцэтгэх үндсэн үүрэг
Хөдөлмөрийн Хууль тогтоомж, дүрэм, журмууд компанийн болон уурхайн дотоод журам, ХАБ-ын дүрэм журам, аюулгүй ажиллагааны заавар зөвлөмжийг мөрдөн ажиллах
Ажлын байрны тодорхойлолтонд тусгагдсан үндсэн чиг үүргийг гүйцэтгэх
Хөдөлмөр хамгаалал, аюулгүй ажиллагаа, эрүүл ахуйн шаардлагыг мөрдөх
Жолооч нь өөрийн хариуцсан техникийн бүрэн бүтэн байдлыг хангаж ажиллах","2,100,000 - 2,500,000 ₮"
Сантехникийн инженер,"Барилга, Үл хөдлөх хөрөнгө","Гүйцэтгэх үндсэн үүрэг
Барилгын сантехникийн шугам сүлжээний ажилд хяналт тавьж, төсөв графикт төлөвлөгөөний дагуу угсралтын ажлыг хянах зохион байгуулах 
Удирдлагаас гарсан шийдвэрийн биелэлтийг хангаж ажиллах","1,800,000 - 2,100,000 ₮"
Сургуулийн үйлчлэгч,Үйлчилгээ,Гүйцэтгэх үндсэн үүрэгСургуулийн орчинд үйлчлэгчээр ажиллана,
Тооцооны нягтлан бодогч,"Банк, санхүү, нягтлан бодох бүртгэл","Гүйцэтгэх үндсэн үүрэг
Компаний нягтлан бодох бүртгэлийн өдөр тутмын үйл ажиллагаанд оролцох
Удирдлагыг санхүүгийн мэдээллээр хангаж ажиллах 
Харилцагчтай тооцоо нийлж баталгаажуулах 
Бараа материалын үлдэгдэл тоо хэмжээг гаргаж хариуцан ажиллах 
Бараа материал ачих тээвэр хариуцан ажиллах","1,500,000 - 1,800,000 ₮"
"""ТЕХНОЛОГИЧ ИНЖЕНЕР"" ажлын байранд урьж байна",Уул уурхай,"Гүйцэтгэх үндсэн үүрэг- Хөвүүлэн баяжуулах технологийн процессийг удирдан зохион байгуулах
- Баяжуулах үйлдвэрийн үйл ажиллагаанд хяналт тавих, алдааг засах
- Үндсэн болон туслах тоног төхөөрөмжийн ажлын зураг боловсруулж танилцуулах, зохион бүтээлтэнд хяналт тавих
- Анхдагч хүдэр, хаягдал, баяжмалын агуулгад хяналт тавьж үйлдвэрийн бүтээл, металл авалтын тооцоог хийх
- Тээрмийн нунтаглалт, тээрмийн шаар, хүдрийн харьцааг хянах, хөвүүлэн баяжуулалтын металл барилтыг удирдах, хянах, тохируулга хийх",
ХУДАЛДААНЫ ЗӨВЛӨХ-GGI BEAUTY,"Худалдаа, Борлуулалт","Гүйцэтгэх үндсэн үүрэг
Гоо сайхны бараа бүтээгдэхүүнийг хэрэглэгчид танилцуулах, үйлчлүүлэгчийн сэтгэл ханаамжид нийцсэн үйлчилгээг үзүүлэх
Ажлын байрны өдөр тутмын үйл ажиллагааг хариуцан ажиллах
Ажлын байрны тодорхойлолтод заасан бусад чиг үүргүүд","1,000,000 - 1,200,000 ₮"
БОРЛУУЛАЛТЫН МЕНЕЖЕР,"Мэдээлэл технологи, Харилцаа холбоо","Гүйцэтгэх үндсэн үүрэгКомпанийн бизнесийн үйл ажиллагааг хөгжүүлэхэд хувь нэмрээ оруулах, борлуулалтын шинэ боломж үүсгэх, өргөжүүлэн хөгжүүлэх, бүтээгдэхүүн, үйлчилгээний борлуулалтыг нэмэгдүүлэхэд зорин ажиллах
 
Бидний ""Таны Дижитал Аяллын Итгэлт Түнш"" нь байх зорилгыг хэрэгжүүлэхэд хамтран ажиллахыг урьж байна.
Хэрэв Та Өөдрөг хандлага, Өрнүүн эрмэлзэл, Өндөр чадвартай бол бидэнд анкетаа ирүүлээрэй.
 
#WeOffer #FlexibleWorkCulture #Productivity&CollaborationTools #HybridWorkModel #HybridWorkplace",
Дотоод аудитор /Мэдээлэл технологи/,"Мэдээлэл технологи, Харилцаа холбоо","Гүйцэтгэх үндсэн үүрэг
Группийн Мэдээлэл технологийн үйл ажиллагааг сайжруулах, түүний үнэ цэнийг нэмэгдүүлэхэд чиглэсэн, системтэй, оновчтой арга хандлагаар группийн эрсдэлийн удирдлага, засаглал ба дотоод хяналтын үйл явцыг үнэлэх ба сайжруулах, зөвлөх үйл ажиллагааг үзүүлэх
Дотоод аудитын хэлтсийн үйл ажиллагааг хөнгөвчлөх - цахимжуулах, мэдээлэлд дүн шинжилгээ хийх, хэлтсийн үйл ажиллагааны үр ашгийг нэмэгдүүлэх
Мэдээлэл аюулгүй хадгалагдаж, бүрэн бүтэн байдал нь алдагдаагүй, шаардлагатай цагт хүртээмжтэй байгаа эсэхийг шалган баримтжуулж, системүүдийн ашиглалт, удирдлагад аливаа үр ашиггүй нөхцөл байдал байгаа эсэхийг олж илрүүлэх","3,000,000 - 4,000,000 ₮"
Ахлах нягтлан бодогч,Уул уурхай,"Гүйцэтгэх үндсэн үүрэгКомпанийн санхүү, Нягтлан бодох бүртгэлийн Олон Улсын болон Монгол Улсын стандартад нийцүүлэн хөтлөх
Ажлын байрны тодорхойлолтод заасны дагуу","2,500,000 - 3,000,000 ₮"
Визний мэргэжилтэн,"Захиргаа, Хүний нөөц",Гүйцэтгэх үндсэн үүрэгАжлын байрны тодорхойлолтын дагуу ажилна.,
Бараа өрөлтийн ажилтан /хувьдаа машинтай/,"Худалдаа, Борлуулалт","Гүйцэтгэх үндсэн үүрэг- Харилцагчийн лангууны өрөлтийг хэрэглэгчийн харааны түвшинд, өрөлтийн стандартын дагуу байршуулан харилцагчийн бараа эргэцийг нэмэгдүүлэх - Тухайн сувгийн борлуулалтыг нэмэгдүүлэхэд анхаарч ажиллах","1,500,000 - 1,800,000 ₮"
Хуулийн зөвлөх / Жуулчин ХХК/,"Хууль, хуулийн үйлчилгээ","Гүйцэтгэх үндсэн үүрэг
Англи хэл дээр гэрээ, эрх зүйн бичиг баримт боловсруулах, орчуулга хийх, гэрээ хянах.
Компанийн бизнесийн үйл ажиллагааг хууль тогтоомжид нийцүүлэн явуулахад мэргэжлийн зөвлөгөө өгөх, хууль зүйн дэмжлэг үзүүлэх, хууль, эрх зүйн үр дагавар бүхий эрсдэлээс урьдчилан сэргийлэх
Гэрээ, контракт болон эрх зүйн харилцааг үүсгэх, өөрчлөх, дуусгавар болгоход чиглэгдсэн бүх төрлийн бичиг баримтыг боловсруулах, хянах
Компанийн газар, хэлтэс, охин компанийн үйл ажиллагааны уялдаа холбоог хангахад хууль эрх зүйн асуудлаар хамтран ажиллах, баримт бичгийн төсөл боловсруулах
Байгууллагын дотоод журам, түүнтэй холбогдон гарсан бусад дүрэм журам, хөдөлмөрийн гэрээ бусад гэрээг боловсруулж, тэдгээрийн хэрэгжилтэд хяналт тавина.
Компанийг хууль, шүүх төрийн байгууллагад төлөөлөх, байгууллагын эрх ашгийг хамгаалах
Ажлын байрны тодорхойлолтод заагдсан бусад ажил үүрэг","2,500,000 - 3,000,000 ₮"
ХУДАЛДААНЫ ТӨЛӨӨЛӨГЧ,"Худалдаа, Борлуулалт","Гүйцэтгэх үндсэн үүрэгХарилцагчидтай үр дүнтэй харилцаа, холбоотой ажиллах; Барааг харилцагчдад сурталчлан танилцуулах, бүтээгдэхүүнийг борлуулж худалдах; Борлуулалтын төлөвлөгөөний дагуу борлуулалт хийх, идэвхжүүлэлтийг хэрэгжүүлэх; Шинэ харилцагч нээх, тухайн сувгийн борлуулалтыг нэмэгдүүлэхэд анхаарч ажиллах; Ажлын байрны тодорхойлолтын дагуу бусад ажил үүргүүд;","1,800,000 - 2,100,000 ₮"
Агуулахын нярав,"Банк, санхүү, нягтлан бодох бүртгэл","Гүйцэтгэх үндсэн үүрэг
Санхүүгийн программ дээр орлого, зарлага бүртгэл, хөдөлгөөн хийх, өдөр тутмын ажил гүйлгээг хөтлөх, бүртгэх
Хариуцсан хөрөнгийн бүртгэл тооцоог хийх
Агуулахын бараа материалыг хариуцах, барааг ирэхэд тоо ёсоор хүлээн авах
Үндсэн хөрөнгө бараа материал хариуцаж ажиллана
Ажлын байрын бусад чиг үүргийн дагуу","2,100,000 - 2,500,000 ₮"
Програм ашиглалтын мэргэжилтэн,"Банк, санхүү, нягтлан бодох бүртгэл","Гүйцэтгэх үндсэн үүрэг- Програмын нэмэлт өөрчлөлтийн шаардлага гаргах, алдааг засварлах, сайжруулалт, шинэчлэлт, туршилт, нэвтрүүлэлтийг хийх, системийн хэмжээний хэрэглэгчдийн програм ашиглалтын мэдлэгийг байнга өсгөх, мэдээлэл технологийн сайжруулалт, хөгжүүлэлт, боломж, давуу талыг бизнес талаас нь байнга эрэлхийлэх зорилготой.","1,800,000 - 2,100,000 ₮"
Сувилахуйн аргазүйч,"Эмнэлэг, Эм хангамж",Гүйцэтгэх үндсэн үүрэгАлбан тушаалын тодорхойлолтод заасны дагуу,"1,200,000 - 1,500,000 ₮"
Япон хэлний багш,"Боловсрол, Шинжлэх ухаан",Гүйцэтгэх үндсэн үүрэгЯпон хэлний анхан шатнаас ахисан шат хүртэлх түвшингийн хичээл заана.,
Cувилагч,"Эмнэлэг, Эм хангамж",Гүйцэтгэх үндсэн үүрэг Албан тушаалын тодорхойлолтын дагуух ажил,"1,200,000 - 1,500,000 ₮"
Программист /Middle software developer/,"Мэдээлэл технологи, Харилцаа холбоо","Гүйцэтгэх үндсэн үүрэг
Программ хангамж хөгжүүлэлт
ERP системийн хөгжүүлэлт",
Эрсдэлийн загвар хөгжүүлэгч,"Банк, санхүү, нягтлан бодох бүртгэл","Гүйцэтгэх үндсэн үүрэг 
Өгөгдөл боловсруулах, дүн шинжилгээ хийх, кредит скоринг болон бусад зээлийн загваруудыг боловсруулах, сайжруулах, тасралтгүй ажиллагааг бүрэн хангаж ажиллах.","2,500,000 - 3,000,000 ₮"
Нягтлан бодох бүртгэлийн мэргэжилтэн,"Банк, санхүү, нягтлан бодох бүртгэл","Гүйцэтгэх үндсэн үүрэг
Санхүүгийн программ болон бусад бизнес программууд дээр ажиллаж сурах
Санхүүгийн программ болон бусад бизнес программуудыг харилцагчид нэвтрүүлэх, сургалт орох, зөвлөх үйлчилгээ үзүүлэх
Санхүүгийн программыг тестлэх
Бүртгэлийн бодлого тодорхойлох",
ХАБЭА-н ажилтан,"Үйлдвэрлэл, Дэд бүтэц","Гүйцэтгэх үндсэн үүрэг
Ажлын байрны нөхцөлд болон өдөр тутмын үйлдвэрлэл үйлчилгээний үйл ажиллагааны явцад хөдөлмөр хамгааллын хяналт хийх, шаардлагатай авах арга хэмжээг авах, холбогдох албан тушаалтанд мэдэгдэх, хамтран ажиллах тайлагнах.
Хөдөлмөр хамгааллын дүрэм, заавар журмыг чанд сахих, стандарт шаардлагыг хангуулах 
ХАБЭА-н хугацаат болон хэрэгцээт сургалтуудыг  төлөвлөх зохион байгуулах, үр дүнг тооцох
Осол эндэгдлээс урьдчилан сэргийлэх, тэргүүлэх ач холбогдол бүхий хөдөлмөрийн аюулгүй байдал, эрүүл ахуйн менежментийн тогтолцоог бий болгох
Ажлын байрны тодорхойлолтонд заагдсан бусад ажил үүргүүд","1,800,000 - 2,100,000 ₮"
тооцооны нягтлан ажилд авна,"Банк, санхүү, нягтлан бодох бүртгэл","Гүйцэтгэх үндсэн үүрэгбарааны орлого зарлага цаас тооцоо цэгцлэх 
программтай ажиллах цаашлаад ерөнхий нягтлан болох потинцалтай байх","1,500,000 - 1,800,000 ₮"
ХУДАЛДААНЫ ТӨЛӨӨЛӨГЧ /Баянхонгор аймаг/,"Худалдаа, Борлуулалт","Гүйцэтгэх үндсэн үүрэг- 5Р 8 алхамыг харилцагч бүр дээр байнга тасалдалгүй хэрэгжүүлэх
- Барааг харилцагчдад сурталчлан таниулах, бүтээгдэхүүнийг борлуулж, худалдах, 
- Шинээр харилцагч нээх
- Борлуулалтын сар бүрийн идэвхжүүлэлтийг хэрэгжүүлэх
- Бүтээгдэхүүний танилцуулга, сургалт хийх
- Борлуулалтын тайлан тооцоог өдөр бүр санхүүд үнэн зөв гаргаж өгөх","1,200,000 - 1,500,000 ₮"
Авлага хариуцсан мэргэжилтэн,"Банк, санхүү, нягтлан бодох бүртгэл","Гүйцэтгэх үндсэн үүрэг
Харилцагчийн холбогдох бичиг баримтыг бүрдүүлэлт хийх, зээлийн үйлчилгээг санал болгох 
Зээлийн гэрээ бэлтгэх, сайжруулалт хийх
Өдөр тутмын тайлан мэдээг гаргах, тайлагнах","1,500,000 - 1,800,000 ₮"
Салбарын захирал /Булган/,"Мэдээлэл технологи, Харилцаа холбоо","Гүйцэтгэх үндсэн үүрэгХувь хэрэглэгчдэд үйлчилгээг чанарын өндөр түвшинд үзүүлэх, бүтээгдэхүүн үйлчилгээг түргэн шуурхай борлуулах, борлуулалтыг нэмэгдүүлэх, борлуулалтын төлөвлөгөөг биелүүлэх","1,000,000 - 1,200,000 ₮"
"Хүнсний технологи, эрүүл ахуйч","Ресторан, Хоол үйлдвэрлэл","Гүйцэтгэх үндсэн үүрэг- Хоол үйлдвэрлэл, хүнсний худалдааны газарт холбогдох дүрэм, журам, стандартын дагуу үнэлгээ явуулах 
- Үнэлгээний үр дүнг тайлагнах, тайлан, дүгнэлт гаргах
- Харилцагч байгууллагатай үнэлгээний үр дүнгийн асуудлаар холбогдон хамтарч ажиллах","1,200,000 - 1,500,000 ₮"
Гаалийн мэргэжилтэн (Эмэгтэй),"Тээвэр, гааль, агуулах","Гүйцэтгэх үндсэн үүрэг
Гааль дээр ирсэн барааг цаг тухайд нь бүрдүүлэлт хийн хүлээн авах;
Авто пүүлэлт, гаалийн бүрдүүлэлтийн үйл ажиллагааг хуулийн хүрээнд стандартын дагуу зохион байгуулж гүйцэтгэх","2,100,000 - 2,500,000 ₮"
Харилцагч хариуцсан мэргэжилтэн,"Банк, санхүү, нягтлан бодох бүртгэл","Гүйцэтгэх үндсэн үүрэг
Харилцагчийн холбогдох бичиг баримтыг бүрдүүлэлт хийх, зээлийн үйлчилгээг санал болгох 
Зээлийн гэрээ бэлтгэх, сайжруулалт хийх
Өдөр тутмын тайлан мэдээг гаргах, тайлагнах","1,500,000 - 1,800,000 ₮"
Гэрээ шивэлтийн ажилтан,"Банк, санхүү, нягтлан бодох бүртгэл","Гүйцэтгэх үндсэн үүрэг
Харилцагчийн мэдээллийг шивэх, холбогдох бичиг баримт бүрдүүлэх; 
Гэрээ бэлтгэх, сайжруулах","1,500,000 - 1,800,000 ₮"
Автын механик инженер,Уул уурхай,"Гүйцэтгэх үндсэн үүрэг
Хариуцсан тоног төхөөрөмжийн оношлогоо, засвар, үйлчилгээ, угсралт суурилуулалтын ажлыг чанарын өндөр түвшинд хийж гүйцэтгэх
Өдөр тутам удирдах ажилтан буюу төслийн ахлах ажилтан, төслийн менежерийн өгсөн зааварчилгааны дагуу ажил үүргээ гүйцэтгэнэ.
Эвдрэлийн шалтгаан оношийг зөв олж тогтоох, эвдрэлийн шалтгааныг бүрэн гүйцэд засварлах.
Шаардлагатай сэлбэгийн жагсаалтыг үнэн зөв бодитой гаргаж, захиалга хийх.
Ажлын цагийг үр бүтээлтэй өнгөрүүлэх. Өгөгдсөн үүрэг даалгаврыг цаг тухайд нь түргэн шуурхай гүйцэтгэх
Тоног төхөөрөмжийг ажлын байранд суурилуулалт холболт хийхэд шаардлагатай ажлын болон материалын тооцооллыг хийх.
Хийгдсэн засвар үйлчилгээ, холболт суурилуулалт, шалгалт тохиргооны ажлын тухай SERVICE REPORT бичих, удирдах ажилтнуудад тайлагнах
Өдөр тутам хийгдсэн ажлын тухай тайлан бичих, удирдах ажилтнуудад тайлагнах.
Шаардлагатай тохиолдолд багийн бусад гишүүнд дэмжлэг үзүүлэх, зөвлөгөө өгөх,
Бусад ажлын байрны тодорхойлолтонд заагдсан ажил үүргүүд","3,000,000 - 4,000,000 ₮"
Борлуулалт үйлчилгээний ажилтан,"Худалдаа, Борлуулалт","Гүйцэтгэх үндсэн үүрэгКомпанийн нүүр царай болж, хэрэглэгчид үйлчилгээний стандартад нийцсэн хурдан шуурхай, найрсаг үйлчилгээг үзүүлэх","1,500,000 - 1,800,000 ₮"
Зээлийн зөвлөх ажилтан,"Банк, санхүү, нягтлан бодох бүртгэл","Гүйцэтгэх үндсэн үүрэг
Харилцагчийн мэдээллийг шивэх, холбогдох бичиг баримт бүрдүүлэх 
Гэрээ бэлтгэх, сайжруулах","1,200,000 - 1,500,000 ₮"
САЛБАРЫН ЭРХЛЭГЧ /АХЦС/,"Худалдаа, Борлуулалт","Гүйцэтгэх үндсэн үүрэг
Салбарын тасралтгүй хэвийн үйл ажиллагааг хариуцан удирдаж ажиллах,
Салбарын ажилчдыг удирдан зохион байгуулж ажиллах, ээлж хүлээлцүүлэх, хяналт тавих
Салбарын санхүүгийн бүртгэл, хөтлөлт хийх, санхүүгийн эд хөрөнгийг хариуцан ажиллах, борлуулалтын болон үйл ажиллагааны тайлан мэдээг бэлтгэж танилцуулах,
Хариуцсан салбарын борлуулалтыг нэмэгдүүлэх, үйлчилгээний чанарыг хангах, тасралтгүй сайжруулалт хийж ажиллах,
Компанийн бодлого, хөтөлбөрийг салбарт хэрэгжүүлж ажиллах.","1,200,000 - 1,500,000 ₮"
Худалдааны зөвлөх (Huawei brand),"Худалдаа, Борлуулалт","Гүйцэтгэх үндсэн үүрэг
Худалдан авагчдад бараа бүтээгдэхүүнийг борлуулах, тайлбарлах, зөвлөх үйлчилгээ үзүүлэх
Зөв боловсон, соёлтой түргэн шуурхай үйлчилгээ үзүүлэх
Дэлгүүрийн борлуулалт нэмэгдүүлэх, сайжруулалт хийж ажиллах","1,200,000 - 1,500,000 ₮"
Ахлах нягтлан бодогч,"Мэдээлэл технологи, Харилцаа холбоо","Гүйцэтгэх үндсэн үүрэг
НББОУС, Монгол улсын нягтлан бодох бүртгэлийн тухай хууль, татварын хууль бусад холбогдох журам, зааврын дагуу компанийн санхүүгийн тайланг нэгтгэн гаргах
Санхүүгийн мэдээллээр хангах
Санхүүгийн болон түүнтэй холбоотой мэдээлэл баримтын эмх цэгцтэй байдлыг хангах
Ажлын байрны тодорхойлолтод заасан бусад чиг үүргийг гүйцэтгэх","1,000,000 - 1,200,000 ₮"
Борлуулалтын менежер,"Худалдаа, Борлуулалт","Гүйцэтгэх үндсэн үүрэг* Борлуулалтын нэр төрлийн төлөвлөгөөг батлагдсан ерөнхий дүн, хувьд тохируулж багийн суваг нэг бүрээр, барааны нэр төрөл бүр дээр боловсруулж багийн ажилчдад танилцуулах бөгөөд борлуулалтын бүртгэл хөтлөлтөнд хяналт тавьж албаны даргад тогтмол хугацаанд танилцуулах, биелэлтийг нэмэгдүүлэхэд анхаарч ажиллана.
* Борлуулалтын бүсийн нутаг дэвсгэрийг төлөвлөгөөтэй уялдуулан зөв, оновчтой хуваарилах, түгээлтийн маршрутыг тогтоон мөрдүүлэх.
* Хариуцсан бүсийн шаардлагатай харилцагчид дээр гэрээ байгуулж, бүртгэл, хадгалалтыг хариуцах ба гэрээний хугацаа дуусахаас өмнө сунгах, шинээр байгуулах үүрэгтэй. Гэрээт байгууллага нэг бүрийн гэрээний хэрэгжилтийг жилд 1-ээс багагүй хугацаанд дүгнэж албаны даргад танилцуулах бөгөөд үр дүнд үндэслэн гэрээнд сайжруулалт хийж байна.
* Цаг үеийн болон брэндийн үнэ үнэлгээ, өрсөлдөгчийн үнэ, үйл ажиллагаа, зах зээлийн өөрчлөлт, хандлага болон бусад хэлбэрээр судалгаа зохион байгуулж удирлагыг шаардлагатай мэдээллээр хангах, өөрийн үйл ажиллагаанд ашиглах.
* Бусад шууд удирдлагаас өгсөн үүрэг даалгаварын биелэлтийг хангах.","2,100,000 - 2,500,000 ₮"
Богино хугацааны төлөвлөлтийн инженер,Уул уурхай,"Гүйцэтгэх үндсэн үүрэг
Компанийн стратеги төлөвлөгөөний зорилтуудад нийцүүлэн бүтээмжийг аюулгүй байдлаар оновчтой болгохын тулд компанийн далд уурхайн богино хугацааны бүтээн байгуулалт, үйлдвэрлэлийн хуваарийг төлөвлөх, хэрэгжүүлэх, ахлах төлөвлөлтийн инженерүүдэд дунд болон урт хугацааны төлөвлөлтийг хянахад нь туслах, далд уурхайн өдөр тутмын үйл ажиллагааг зохицуулах, энэ талаар өөрийн удирдлага эсвэл ахлахад тайлагнах, хөдөлмөрийн эрүүл ахуй, аюулгүй байдлыг сахиулах.

Далд уурхайн ахлах төлөвлөлтийн инженерээс үүрэг даалгавар авч, компанийн богино хугацааны үйл ажиллагааны төлөвлөлтийг нарийвчлан төлөвлөх. 
Далд уурхайн малталтын зураг болон шаардлагатай техникийн ажлын зургийг цаг тухайд нь бэлтгэж шаардлагатай ажилчдад хүргүүлэх. 
Өрөмдлөг тэсэлгээний ажил батлагдсан төлөвлөгөөний дагуу явагдаж буй эсэхэд хяналт тавих. 
Далд уурхайн бүтээл төлөвлөгөөндөө хүрсэн эсэхэд хяналт тавих, өдөр тутмын тайлан боловсруулах
Төлөвлөгөө биелэхгүй байхал нөлөөлсөн шалтгаануудыг тодорхойлон өөрийн шууд удирдлага болон хэлтсийн менежерт мэдэгдэх
Дата мэдээлэл цуглуулах болон дүн шинжилгээ хийхтэй холбоотой техник, эдийн засгийн судалгааны ажилд оролцож, инженерүүдэд туслалцаа үзүүлэх.","2,500,000 - 3,000,000 ₮"
Банк бус хариуцсан менежер,"Банк, санхүү, нягтлан бодох бүртгэл","Гүйцэтгэх үндсэн үүрэг
Хэрэглэгчийн хугацаа хэтэрсэн зээл болон эрсдэлийн тооцоолол судалгааны дагуу ажиллах
Харилцагчтай харилцах, мэдээлэл зааварчилгаа өгөх","1,500,000 - 1,800,000 ₮"
ENGLISH TEACHER,"Боловсрол, Шинжлэх ухаан","Гүйцэтгэх үндсэн үүрэг 

Organize classroom lectures and coursework 
Prepare materials and activities
Assign homework and interesting exercises
Identify students with special requirements and create individualized plans
Determine exam and assignment grades 
Provide feedback based on workload and classroom behavior
Keep a record of students’ attendance and grades
Research new language teaching methods 
Manage classroom crises and resolve conflict
Inform parents about their children’s performance
Collaborate with teaching staff and administrators to foster a good student experience","1,800,000 - 2,100,000 ₮"
Мэдээллийн ажилтан,"Мэдээлэл технологи, Харилцаа холбоо","Гүйцэтгэх үндсэн үүрэгХарилцагчид бараа бүтээгдэхүүний талаар дэлгэрэнгүй тайлбарлах, зээлийн үйлчилгээний талаар мэдээлэл өгөх","1,200,000 - 1,500,000 ₮"
Зөвлөх инженер ажилд авна,Автомашины засвар үйлчилгээ,"Гүйцэтгэх үндсэн үүрэгТээврийн хэрэгслийн эвдрэл оношлох
Засвар үйлчилгээг технологийн дагуу хийлгэх
Инженер техникийн ажилчдыг чадваржуулах",
Судалгааны мэргэжилтэн,"Боловсрол, Шинжлэх ухаан","Гүйцэтгэх үндсэн үүрэг
Нийгэм, сэтгэл зүйн аливаа асуудлын талаар судалгаа хийх;
Өгөгдөл цуглуулах, шинжилгээ хийх, шийдлүүдийг санал болгох;
Компанийн нэвтрүүлсэн бүтээгдэхүүн, үйлчилгээний хяналтын судалгаа, чанарын үнэлгээг хийх;
Ажлын байрны тодорхойлолтод заасан бусад ажлуудыг гүйцэтгэнэ.","1,500,000 - 1,800,000 ₮"
Пүүний оператор,Уул уурхай,"Гүйцэтгэх үндсэн үүрэг
Гаалийн хяналтын бүсэд орж гарч байгаа ачаа барааг пүүлэх, жигнэх;
Пүүний баримтыг хадгалах, архивлах;
Пүүний тоног төхөөрөмж, сэлбэг хэрэгслийн бүрэн бүтэн байдал, аюулгүй ажиллагааг хангах;
Ажлын тайланг сар бүр гаргах, шууд удирдлагат тайлагнах.","2,100,000 - 2,500,000 ₮"
Тавилгын дизайнер,"Дизайн, Энтертайнмент, Соёл урлаг","Гүйцэтгэх үндсэн үүрэгЗахиалгчийн хүсэлтийн дагуу хэмжээ авж технологын дагуу тавилгын дизайн зураг гаргах, ажлын зураг бэлдэх",
BackEnd хөгжүүлэгч ажилд авна,"Мэдээлэл технологи, Харилцаа холбоо","Гүйцэтгэх үндсэн үүрэг startup -д BackEnd хөгжүүлэгч ажилд авна. 
Ажлын цагийн хуваарь уян хатан. Их, дээд сургуулийн дипломтой байхыг шаардахгүй.
Цалин: 3 саяас эхлэнэ.","3,000,000 - 4,000,000 ₮"
Чанарын баталгаажуулалтын супервайзор,"Үйлдвэрлэл, Дэд бүтэц","Гүйцэтгэх үндсэн үүрэг-Компанийн хэмжээнд хэрэгжүүлж буй Кoка-Кола компанийн шаардлагуудын хэрэгжүүлэх бүх удирдлагын тогтолцооны дагуу бичиг баримтын менежментийг хариуцан ажиллах ( ISO 9001, FSSC 22000, ISO 17025) 
-Компанийн хэмжээнд аудитын үйл ажиллагааг хуваарийн дагуу зохион байгуулж, залруулах арга хэмжээний төлөвлөгөөний биелэлтийн үр дүнг нэгтгэн холбогдох менежерүүдэд мэдээллэх
-Үйлдвэрийн хэмжээнд сар бүр бичиг баримтын аудит хийж үр дүнг чанарын баталгаажилтын менежерт мэдэгдэх, залруулах арга хэмжээний хэрэгжилтийг хянах 
-Дотоодын нийлүүлэгчид тавигдах Кока-Кола компанийн шаардлагын хэрэгжилтийг давтамжийн дагуу хянах","2,500,000 - 3,000,000 ₮"
Нягтлан бодогч - Барилга,"Банк, санхүү, нягтлан бодох бүртгэл","Гүйцэтгэх үндсэн үүрэг
Нягтлан бодох бүртгэлийн үйл ажиллагааг удирдан зохион байгуулах
Санхүү, нягтлан бодох бүртгэлийн үйл ажиллагаанд хяналт тавих
Санхүүгийн тайлан, татварын тайлан бэлтгэх
Удирдлагыг шаардлагатай санхүүгийн тоон мэдээлэл, тайлангаар хангах","2,100,000 - 2,500,000 ₮"
ХЯТАД ХООЛНЫ ТОГООЧ,"Ресторан, Хоол үйлдвэрлэл","Гүйцэтгэх үндсэн үүрэгНийт 10 ажилтанд өдөр, оройн хятад хоолыг хийж гүйцэтгэнэ.
Ажиллах хугацаа 18-20 өдөр",
Зөвлөх инженер ажилд авна,Автомашины засвар үйлчилгээ,"Гүйцэтгэх үндсэн үүрэгТээврийн хэрэгслийн эвдрэл оношлох
Засвар үйлчилгээг технологийн дагуу хийлгэх
Инженер техникийн ажилчдыг чадваржуулах",
ЕРӨНХИЙ НЯГТЛАН БОДОГЧ /Тимус Фарма ХХК/,"Эмнэлэг, Эм хангамж","Гүйцэтгэх үндсэн үүрэг
Компанийн санхүү, нягтлан бодох бүртгэлийг хөтлөх, санхүү, татвар болон бусад тайлан мэдээг бэлтгэх
Ажлын байрны тодорхойлолтод заасан чиг үүргүүд","2,500,000 - 3,000,000 ₮"
Эрэгтэй худалдааны зөвлөх /ХЭНТИЙ/,"Худалдаа, Борлуулалт","Гүйцэтгэх үндсэн үүрэг
Байгууллагын борлуулалтын төлөвлөгөөт зорилтыг хангаж ажиллах
Хэрэглэгч, үйлчлүүлэгчдэд түргэн шуурхай үйлчилгээ үзүүлэх
Өөрийн хариуцсан бараа бүтээгдэхүүн, эд зүйлсийн тоо ширхэг, бүрэн бүтэн байдлыг хангах
Борлуулалтын данс тооцоо хийж тулгах","1,500,000 - 1,800,000 ₮"
Агуулахын туслах /эмэгтэй/,"Худалдаа, Борлуулалт","Гүйцэтгэх үндсэн үүрэгБараа бүтээгдэхүүнийг баримтын дагуу бэлтгэх
Тоо ширхгийн дагуу бараа бүтээгдэхүүн дээр наалт наах 
Бараа бүтээгдэхүүний тоо ширхэг, бүрэн бүтэн байдалд хяналт тавих
Харилцагч нарт хүлээлгэн өгөх 
Ажлын байрны тодорхойлолтод заасан бусад үүргийг гүйцэтгэнэ.","1,000,000 - 1,200,000 ₮"
Камер хяналтын ажилтан,"Мэдээлэл технологи, Харилцаа холбоо","Гүйцэтгэх үндсэн үүрэгХариуцсан объектын барилга, эд аж ахуй, бараа бүтээгдэхүүнийг хулгай, луйвар болон бусад гэмт хэрэг, халдлагын эрсдэлээс хамгаалах зорилгоор хяналтын камераар хяналт тавих, урьдчилан сэргийлэх, таслан зогсоох илрүүлэх.","1,500,000 - 1,800,000 ₮"
НЯГТЛАН БОДОГЧ,"Банк, санхүү, нягтлан бодох бүртгэл","Гүйцэтгэх үндсэн үүрэг
Харилцагчийн болон дотоод төлбөр тооцоотой холбоотой гүйлгээг өдөр тутам хийж гүйцэтгэх;
Тайлан мэдээг цаг хугацаанд нь бэлтгэн холбогдох байгууллага болон банкны нэгжүүдэд хүргүүлэх;
Өдөр тутмын үйл ажиллагааг хялбаршуулах, автоматжуулах санал боловсруулж ажиллах;
Нягтлан бодох бүртгэлийн журам заавруудыг шинээр боловсруулах болон шинэчлэн сайжруулах.","1,800,000 - 2,100,000 ₮"
Сантехникийн слесарь,"Барилга, Үл хөдлөх хөрөнгө","Гүйцэтгэх үндсэн үүрэгШинээр баригдаж байгаа барилгын сантехник, дулааны шугам сүлжээ угсралтын ажлыг хийж гүйцэтгэнэ. Ерөнхий инженер болон талбайн инженерийн өдөр тутмын заавар, чиглэлийн дагуу ажиллана.","2,100,000 - 2,500,000 ₮"
ХУДАЛДААНЫ ЗӨВЛӨХ-GGI BEAUTY,"Худалдаа, Борлуулалт","Гүйцэтгэх үндсэн үүрэг
Гоо сайхны бараа бүтээгдэхүүнийг хэрэглэгчид танилцуулах, үйлчлүүлэгчийн сэтгэл ханаамжид нийцсэн үйлчилгээг үзүүлэх
Ажлын байрны өдөр тутмын үйл ажиллагааг хариуцан ажиллах
Ажлын байрны тодорхойлолтод заасан бусад чиг үүргүүд","1,000,000 - 1,200,000 ₮"
Хүнсний технологич,"Үйлдвэрлэл, Дэд бүтэц","Гүйцэтгэх үндсэн үүрэг
Мах махан бүтээгдэхүүний цехийн үйл ажиллагааг удирдан зохион байгуулах, үйл ажиллагаатай холбоотой технологийн заавар, стандарт, журмуудыг улсын стандартад нийцүүлэн боловсруулж батлуулах, мөрдүүлэх, өөрчлөх, хэрэгжилтэд  хяналт тавьж  ажиллах.
Ажилчдыг ажлын байрны тодорхойлолтын дагуу ажиллуулах, дотоод журам дүрмийг мөрдүүлэн ажиллах.","1,500,000 - 1,800,000 ₮"
Ерөнхий диспетчер,Уул уурхай,"Гүйцэтгэх үндсэн үүрэг
Бэлэн хийгдсэн эксел файл дээр ажиллан доод түвний диспетчерүүдээс ирсэн мэдээллийг нэгтгэх, гол гол үзүүлэлтүүд хэвийн хэмжээнд буй эсэхэд хяналт тавих
Ажлын байрны тодорхойлолтод заасан бусад ажил үүрэг","1,500,000 - 1,800,000 ₮"
Хүний нөөцийн менежер /Англи хэлтэй/,"Захиргаа, Хүний нөөц","Гүйцэтгэх үндсэн үүрэг-Гадаад мэргэжилтнүүдийн судалгаа хийх
-Сонгон шалгаруулалт хийх
-Холбоотой бичиг баримт бүрдүүлж, хувийн хэрэг хөтлөх
-Мэдээ, мэдээллээр хангаж ажиллах","2,100,000 - 2,500,000 ₮"
АГУУЛАХЫН БЭЛТГЭГЧ,"Худалдаа, Борлуулалт","Гүйцэтгэх үндсэн үүрэг
Захиалгын дагуу барааг үнэн зөв бэлтгэх, 
Барааг гэмтэлгүйгээр хайрцаглан савлаж, түгээлтэнд гаргах
Ажлын байрны тодорхойлолтод заасан  бусад ажил үүргүүдийг хийж гүйцэтгэнэ.","1,200,000 - 1,500,000 ₮"
Борлуулалтын менежер,"Худалдаа, Борлуулалт","Гүйцэтгэх үндсэн үүрэг-Бүтээгдэхүүний борлуулалтын бодлогыг тодорхойлж, үйл ажиллагааг төлөвлөх, зохион байгуулах, хяналт тавих, тайлагнах.
-Байгууллагын үйл ажиллагааг зах зээлд сурталчилах, бүтээгдэхүүнийг таниулах,
-Бараа бүтээгдэхүүний борлуулалтыг хийх,
-Борлуулалтын төлөвлөгөөг хангаж ажиллах,
-Байгууллагыг төлөөлж шинээр хэрэглэгч татах, харилцагчидтай уулзаж,  
-Ажлын байрны тодорхойлолтонд заагдсан бусад ажил үүргүүд","1,500,000 - 1,800,000 ₮"
НӨӨЦ ТАТАН АВАЛТЫН МЕНЕЖЕР-GGI,"Худалдаа, Борлуулалт","Гүйцэтгэх үндсэн үүрэгГүйцэтгэх үндсэн үүрэг:

Бараа бүтээгдэхүүний татан авалтын төлөвлөлт, гүйцэтгэлийг хянах,
Барааны нөөцийн зохистой түвшинд байлгаж нөөцийн менежментийг хэрэгжүүлэх 
Барааны тээврийн хяналтыг хийх, тээврийн байгууллагын үнийн саналыг авах, хэлэлцлийг хийх
Ажлын тодорхойлолт заасан бусад чиг үүргүүд","2,100,000 - 2,500,000 ₮"
Их эмч,"Эмнэлэг, Эм хангамж",Гүйцэтгэх үндсэн үүрэгАрьс гоо заслын эмнэлэгт их эмч,
ЭМЧ ТӨЛӨӨЛӨГЧ,"Худалдаа, Борлуулалт","Гүйцэтгэх үндсэн үүрэгГүйцэтгэх үндсэн үүрэг:

Анагаахын ухааны мэдлэгтээ тулгуурлан эмчилгээний гоо сайхны болон үс арчилгааний бүтээгдэхүүн, эрүүл органик хүнс, хүүхдийн нэмэлт бүтээгдэхүүний сургалт, сурталчилгааг хийх
Бүтээгдэхүүний мэдээлэл, сургалт хийх
Бүтээгдэхүүнтэй холбоотой контентын санал санаачлага гаргах","1,500,000 - 1,800,000 ₮"
ҮЙЛЧИЛГЭЭНИЙ ЖОЛООЧ,"Худалдаа, Борлуулалт","Гүйцэтгэх үндсэн үүрэг
Ажлын байрны тодорхойлолтод заасан чиг үүргүүдийн дагуу ажиллана.","1,200,000 - 1,500,000 ₮"
БРЭНД МЕНЕЖЕР-GGI,"Худалдаа, Борлуулалт","Гүйцэтгэх үндсэн үүрэг
Брэндийн гадаад харилцааг үр ашигтай удирдан зохион байгуулах 
Брэндийн нөөцийн удирдлагыг оновчтой удирдах 
Брэндийг нутагшуулах болон борлуулалтыг нэмэгдүүлэх маркетинг болон идэвхжүүлэлтийн ажлыг үр дүнтэй явуулах.
Ажлын тодорхойлолт заасан бусад чиг үүргүүд","2,100,000 - 2,500,000 ₮"
ТҮГЭЭЛТИЙН ТУСЛАХ АЖИЛТАН,"Худалдаа, Борлуулалт","Гүйцэтгэх үндсэн үүрэг
Агуулахаас бэлтгэгдсэн барааг хүлээн авч, түгээлтийн ачилтыг хийх
Харилцагч байгууллагын бараа бүтээгдэхүүнийг бүрэн бүтэн байдлыг хангаж, барааг хүлээлгэн өгөх
Ажлын байрны тодорхойлолтод заасан бусад ажлын чиг үүргүүд","1,200,000 - 1,500,000 ₮"
Брэнд хариуцсан мэргэжилтэн,"Худалдаа, Борлуулалт","Гүйцэтгэх үндсэн үүрэгГүйцэтгэх үндсэн үүрэг:

Хүүхдийн болон органик бүтээгдэхүүний брэндийн борлуулалтыг нэмэгдүүлэх, хэрэгжүүлж байгаа маркетингийн үйл ажиллагааны идэвхижүүлэлтийг тухай бүрт нь хийх, 
Ажлын байрны тодорхойлолт заагдсан бусад чиг үүргүүд","1,500,000 - 1,800,000 ₮"
МАРКЕТИНГИЙН МЕНЕЖЕР /англи хэлтэй/,"Худалдаа, Борлуулалт","Гүйцэтгэх үндсэн үүрэг
Бүтээгдэхүүний зах зээлийг шинжлэх, судлах
Компанийн зах зээлд эзлэх байр, хувь хэмжээг нэмэгдүүлэх, боломжит худалдан авагчдыг татах, тэдгээрийг татах арга замыг эрэлхийлэх.","2,500,000 - 3,000,000 ₮"
ХЯНАЛТЫН МЕНЕЖЕР,"Үйлдвэрлэл, Дэд бүтэц","Гүйцэтгэх үндсэн үүрэг
Салбар компаний үйл ажиллагааны эрсдэлээс урьдчилан сэргийлэх, хөтөлбөрт хяналтыг санаачлах хэрэгжүүлэх.
Дотоодын төлөвлөгөөт хяналтуудын хэрэгжилтийг хянах.
Алба салбаруудын дүрэм журмыг мөрдүүлэхэд хяналт тавьж ажиллах.
Салбар компаний бэлэн бүтээгдэхүүн, ТЭМ-ын акт устгалын бодитой байдлыг хангуулах, хяналт тавих.
Гомдол шийдвэрлэлтийн чанарт хяналт хийж зөрүүгийн шалтгааныг тогтоож","1,800,000 - 2,100,000 ₮"
Худалдааны зөвлөх,"Худалдаа, Борлуулалт","Гүйцэтгэх үндсэн үүрэг 
- Компанийн борлуулалтын үйл ажиллагааг зохион байгуулж, харилцагчдыг мэдээллээр хангах
- Customer care хийх
- Тавилгын үнэ гаргаж, гэрээ хийх
- Бараа бүтээгдэхүүний захиалга авах","1,800,000 - 2,100,000 ₮"
Бэйкери тогооч,"Ресторан, Хоол үйлдвэрлэл","Гүйцэтгэх үндсэн үүрэгГал тогоог хариуцаж Торт , Дессерт , Жигнэмэг хийх",
БАРИСТА /ТЭСО ИНВЕСТМЭНТ ХХК/,"Ресторан, Хоол үйлдвэрлэл","Гүйцэтгэх үндсэн үүрэг
Харилцагч, үйлчлүүлэгчид амт чанартай кофегоор үйлчлэх
Бүтээгдэхүүн, үйлчилгээний стандартыг ажлын байранд хэрэгжүүлэн ажиллах
Үйлчилгээний стандартыг чанд мөрдөн, тав тухтай орчинд чанартай үйлчилгээ үзүүлэх
Хүнсний аюулгүй байдлын дүрэмийг чанд сахин ажиллах
Цагийн баристагын ажлын гүйцэтгэлд хяналт тавих,  зааварчилгаа өгөх, ажлын явцыг мэдээллэх, хэрэгжилтэнд хяналт тавиж суралцуулах","1,200,000 - 1,500,000 ₮"
"Хууль, хүний нөөцийн мэргэжилтэн","Төрийн болон төрийн бус байгууллага, ОУБ","Гүйцэтгэх үндсэн үүрэг
Байгууллагын үйл ажиллагааг хууль, эрх зүйн хүрээнд явуулахад мэргэжлийн зөвлөгөө өгөх, Захирлын итгэмжлэлээр байгууллагыг хууль хяналтын байгууллагад төлөөлөх, ажилтан албан хаагчдад хууль эрх зүйн туслалцаа үзүүлж, удирдлагыг мэдээллээр хангах, хуулийг сурталчлах;
Байгууллагын хүний нөөцийн бодлого төлөвлөлтийг хэрэгжүүлэх, албан хаагчдын ажлын байрны тодорхойлолт боловсруулж хэрэгжилтийг хангах, хяналт тавих;",
Гаалийн мэдүүлэгч,Уул уурхай,"Гүйцэтгэх үндсэн үүрэгБүтээгдэхүүний экспортын гаалийн бүрдүүлэлт хийх,
Бараа материалын импортын гаалийн бүрдүүлэлт хийх,
Авто пүүлэлт, гаалийн бүртгэлийн үйл ажиллагааг хууль, журам, стандартын дагуу зохион байгуулж, холбогдох ажил үүргээ гүйцэтгэх,
Бусад байршилд ажиллаж компанитай холбоотой ачаа тээврийн гаалийн бүрдүүлэлт, гаалийн зохицуулалтыг хийх.","2,500,000 - 3,000,000 ₮"
Хэрэглэгчийн зөвлөх /Оператор/,"Үйлдвэрлэл, Дэд бүтэц","Гүйцэтгэх үндсэн үүрэг

Хэрэглэгчийг бүтээгдэхүүн үйлчилгээний талаарх мэдээллээр хангах
Хэрэглэгчийн санал хүсэлтийг бүртгэн холбогдох албадуудаар шийдвэрлүүлэх
Хэрэглэгчийн сэтгэл ханамжийг нэмэгдүүлэх","1,500,000 - 1,800,000 ₮"
Сошиал График Дизайнер /Pepsi Mongolia/,"Дизайн, Энтертайнмент, Соёл урлаг","Гүйцэтгэх үндсэн үүрэг- Шинээр зах зээлд нэвтрүүлж буй бүтээгдэхүүнд компанийн имидж болон нэр хүндийг илэрхийлсэн график реклам бүтээх
- Бүтээгдэхүүний сав, баглаа, боодол, шошго загвар дээр ажиллах
- Хэвлэмэл болон дижитал бүх төрлийн сурталчилгааны дизайн гаргах, эх бэлтгэх
- Компанийн брэндбүүк хөгжүүлэн ажиллах
- Компанийн сошиал медиа, контент мэдээллийг бэлтгэх
- Маркетингийн бусад үйл ажиллагаанд дэмжлэг үзүүлэн ажиллах
- Ажлын байрны тодорхойлолтод заасан бусад чиг үүргүүд","2,100,000 - 2,500,000 ₮"
Нөөцийн геологич,Уул уурхай,"Гүйцэтгэх үндсэн үүрэг1. Хайгуулын ажлаар тогтоосон ашигт малтмалын ордын нөөц, тоо хэмжээг тооцох, үнэлгээ өгөх;
2. Дунд түвшний удирдлагын үйл ажиллагаанд оролцох, аливаа доголдол, зөрчлийг мэдээлж шаардлагатай арга хэмжээг санал болгох, ажлын гүйцэтгэлийг үнэлэх, хянах удирдлагад нэгтгэн танилцуулах;
3. Эрүүл мэнд, аюулгүй ажиллагаатай холбоотой бүх үйл ажиллагаанд идэвхтэй оролцох, өөрийн үйлдлээр болон бусдын эерэг зан үйлийг урамшуулах зарчмаар тогтсон стандартуудыг хэрхэн дагаж мөрдөхийг үлгэрлэн үзүүлэх;
4. Уурхайн ашиглалтын үеийн хайгуулын мэдээллээр төлөвлөлтийн багийг хангах, үнэлгээ өгөх, зөрчил дутагдлыг засах, холбогдох засварыг хий;
5. Ашиглалтын үеийн нөөцийн хөдөлгөөний акт, шаардлагатай бичиг баримт, материалыг архивлах, хадгалах; 
6. Ордын хананы зураг гаргах, ул таазны хэмжилт, тэсэлгээний өрөмдлөг, бусад бүхий л датагаар ордын моделийг сэргээн шинэчлэх, (өнгөрсөн хугацааны  олборлолтын хил заагийн хэмжилт);
7. Мэргэжлийн Minex программд ордын геологийн модель үүсгэх, шинэчлэх, сайжруулах, ( 7 хоног, Сар, Улирал, Жил);
8. Төслүүдийн болон уурхайн ашиглалтын үеийн нөөцийн өөрчлөлтийг тодорхойлох, нөөцийн тооцоолол боловсруулалт хийх дүгнэлт гаргах, мэдээллээр хангах;
9. Нүүрсний хаягдал, бохирдлыг төлөвлөгөөт хэмжээнд байлгах;
11.  Туслан гүйцэтгэгч компаниудын нүүрс олборлолтын төлөвлөгөө гаргаж, гүйцэтгэлд хяналт тавих, тайлан мэдээ гаргах, ( 7 хоног, Сар, Улирал, Жил);","3,000,000 - 4,000,000 ₮"
Кемп зохицуулагч /Pipeline PE/,"Тээвэр, гааль, агуулах","Гүйцэтгэх үндсэн үүрэг
Өдөр тутмын бараа материал худалдан авалт
Тээврийн хэрэгслийн удирдлага
Кемпийн дотоод удирдлага
Гадаад болон дотоод харилцаа холбоо
Өдөр тутмын санхүүгийн баримт, хяналт
Өдөр тутмын аман болон бичгэн орчуулга /Монгол-Хятад-Монгол/","2,500,000 - 3,000,000 ₮"
Барилгын чанар хяналтын инженер /Pipeline PE/,"Үйлдвэрлэл, Дэд бүтэц","Гүйцэтгэх үндсэн үүрэг- Олон улсын стандарт болон компаний стратегитэй уялдсан чанарын нэгдсэн тогтолцоог бий болгох, хөгжүүлэх, төслийн чанарын хяналт тавих
- Шууд удирдлагын үүрэг даалгавар, ХАБЭА, МАБ болон компаний холбогдох дүрэм журмыг мөрдлөг болгон, хэрэгжилтүүдийг хангуулах
- Төслийн үйл ажиллагаанд чанарын менежментийн бодлого, стандарт, төслийн чанарын менежментийн процессыг оновчтой нэвтрүүлэх, хэрэгжүүлэх, мэргэжлийн чиглэлийн дагуу баримт бичгүүдийг боловсруулах, хяналт тавих, төслийг чанарын шаардлагад нийцүүлэн ажиллах.","3,000,000 - 4,000,000 ₮"
Оффисын үйлчлэгч /Pepsi Mongolia/,Үйлчилгээ,"Гүйцэтгэх үндсэн үүрэг
Оффисын цэвэрлэгээ үйлчилгээг хийх, цэвэр цэмцгэр байдлыг хангах, тогтмол цэвэр байлгах ажилтнуудын ажиллах орчны сэтгэл ханамжид эерэгээр нөлөөлөх","1,200,000 - 1,500,000 ₮"
Цахилгааны инженер /Pepsi Mongolia/,"Барилга, Үл хөдлөх хөрөнгө","Гүйцэтгэх үндсэн үүрэг- Обьектын цахилгааны хэвийн үйл ажиллагааг хангах
- Цахилгааны урьдчилан сэргийлэх үзлэг оношлогоог тогтмол хийх
- Техник ашиглалтын зааварчилгааг тогтмол өгөх
- Аюулгүй ажиллагааг баримтлан ажиллах","1,800,000 - 2,100,000 ₮"
Ахлах төслийн менежер,"Мэдээлэл технологи, Харилцаа холбоо","Гүйцэтгэх үндсэн үүрэг
Бүтээгдэхүүн хөгжүүлэх хэрэглэгчийн хүсэлтэд анализ хийж user story форматад хөрвүүлж боловсруулах
Хөгжүүлэлтийн багийг ойлгомжтой, тодорхой user story-р хангах
Product backlog-г боловсруулж хөтлөх
Product backlog-г sprint-н шаардлага хангахуйц түвшинд бүрэн гүйцэд, тодорхой, ойлгомжтой байлгах
Sprint backlog-д тусгагдсан ажлын шаардлагыг хөгжүүлэлтийн явцад өөрчлөгдөхгүй байх нөхцөлийг бүрдүүлэх, харилцагч тал болон хөгжүүлэлтийн багийн хоорондын ойлголцлын зөрүүг арилгах
Хариуцаж буй бүтээгдэхүүнтэй холбоотой бодит орчинд гарсан алдаа дутагдлыг засаж залруулах үйл ажиллагаанд хяналт тавих, харилцагчийг мэдээллээр хангах
Хариуцаж буй бүтээгдэхүүнтэй холбоотой гуравдагч талын систем, үйлчилгээнд гэмтэл, саатал гарсан тохиолдолд хэрхэн засаж залруулах аргачлалыг тодорхойлж, хэрэгжилтэд хяналт тавих
Зах зээлд нэвтрүүлсэн бүтээгдэхүүнийг сайжруулах, өрсөлдөх чадварыг нэмэгдүүлэх, функциональ боломжийг өргөжүүлэх, шинээр дэд бүтээгдэхүүн, үйлчилгээ хөгжүүлэх санал санаачилгыг байнга боловсруулж холбогдох Vision board, Scope board, Roadmap гарган ажиллах
Бүтээгдэхүүний үнэ цэнийг нэмэгдүүлэх төлөвлөгөө, судалгаа боловсруулах","2,500,000 - 3,000,000 ₮"
ТУСЛАХ ТОГООЧ-/Pepsi Mongolia/,"Ресторан, Хоол үйлдвэрлэл","Гүйцэтгэх үндсэн үүрэг- 100-150 ажилтны өдрийн 1,2-р хоолийг багаараа хийх
- Хоолыг амт чанартай, өнгө үзэмжтэй, технологийн картын дагуу түргэн шуурхай хийх
- Хоолны дээж авах, устгах ажилбаруудыг хийж гүйцэтгүүлэх
- Ажлын байрны тодорхойлолтод заасан бусад чиг үүргүүд","1,500,000 - 1,800,000 ₮"
Төлөвлөлтийн инженер,Уул уурхай,"Гүйцэтгэх үндсэн үүрэг
Ил уурхайн сар бүрийн гүйцэтгэлд хяналт тавих 
Алтны үндсэн ордны ил уурхайн дунд болон урт хугацааны төлөвлөгөө боловсруулах 
Ил уурхайн тайлан төлөвлөгөө боловсруулан Ашигт малтмал газрын тосны газарт батлуулах 
УАХ-н гэрээ хэлэлцээрүүдэд холбогдох санал шүүмжээ өгөх 
Ил уурхайн үйл ажиллагааны зардлын гүйцэтгэлийг боловсруулах","3,000,000 - 4,000,000 ₮"
Далд Уурхайн ХАБ-н ажилтан,Уул уурхай,"Гүйцэтгэх үндсэн үүрэг

Ажлын байран дахь үйлдвэрийн  осолд гэмтлээс урьдчилан сэргийлж, уурхайн дарга, ЭМААБО-ны менежерийн баталсан чулуулгын хяналтын удирдлагын төлөвлөгөөг хэрэгжүүлэх, чулуулагын нуралт, бэхэлгээтэй холбоотой далд уурхайн үйл ажиллагаа, хүн хүч болон машин механизмд үүсч болох аливаа эрсдэлээс урьдчилан сэргийлэх, хяналт тавих, заавар зөвлөлгөө өгөх, ажилтнуудад хөдөлмөрийн аюулгүй, таатай орчинд ажиллах нөхцөлийг бүрдүүлэх.

Ажилтнуудыг үйлдвэрлэлийн осолд өртөхөөс урьдчилан сэргийлж, далд уурхайн чулуулагын хяналтын удирдлагын төлөвлөгөө /ЧХУТ/-ний дагуу хийгдсэн бэхэлгээ, бэхэлгээг хийх явцад үзлэг шалгалтыг хийж хяналт тавих, шаардлагатай дүрэм журам боловсруулахад санал оруулах. 
Хариуцсан хэсгийн ажилтнуудад ЧХУТ-ны дагуу хийгдэх бэхэлгээ, геотехникийн мэдээллийг сургалтын багтай хамтран  төлөвлөгөөт сургалт болон, төлөвлөгөөт сургалтын материал бэлтгэх, ажилтнуудыг хамруулах үйл ажиллагаанд дэмжлэг үзүүлж оролцох 
ЧХУТ-гөөр батлагдсан албан тушаалтнууд хариуцсан үйл ажиллагааг хэрхэн зохион байгуулж байгаад хяналт тавина.  
Ослын үед осолдогчид яаралтай эмнэлгийн тусламж үзүүлэх боломжийг яаралтай бүрдүүлнэ. Мөн ослын судалгааны анхан шатны материалын бүрдүүлэлт хийх, дүгнэлт гаргахад туслалцаа үзүүлэх, хамтран ажиллах","1,800,000 - 2,100,000 ₮"
Брэнд менежер-Pepsi Mongolia,"Маркетинг, PR, Менежмент","Гүйцэтгэх үндсэн үүрэг- Одоо байгаа болон шинэ бүтээгдэхүүн үйлчилгээтэй холбоотой маркетинг
- ПР, компанит ажлуудыг төлөвлөх
- Зорилтот харилцагч, үйчлүүлэгчдийг сэдэлжүүлэх ажлын зохион байгуулах
- Сошиол орчинд ажиллах
- Зах зээлд буюу хэрэглэгчдийн худалдан авалт хийх шийдвэрт бодит нөлөө үзүүлж чадахуйц зар сурталчилгаа, олон нийтийн ажиллагааг төлөвлөх, хэрэгжүүлэх, үр дүнг тооцох
- Зах зээлд эзлэх байр суурь, нэр хүнд, өрсөлдөх чадвар, борлуулалтын үзүүлэлтүүдийг тогтмол дүн шинжилгээ хийх, өсгөх, удирдлагыг мэдээллээр хангах","1,800,000 - 2,100,000 ₮"
Хэрэглэгчийн зөвлөх /Дижитал/,"Мэдээлэл технологи, Харилцаа холбоо","Гүйцэтгэх үндсэн үүрэгДижитал сувгаар хандсан хэрэглэгчид үйлчилгээний стандартын дагуу, үнэн зөв бүрэн мэдээлэл хүргэх, хэрэглэгчид тулгамдсан асуудлыг хүлээн авч оношлон шийдвэрлэх, санал хүсэлтийг хүлээн авах, нөхцөлийн дагуу үйлчилгээ үзүүлэн хэрэглэгчийн сэтгэл ханамжийг өндөр түвшинд байлгах",
Хэрэглэгчийн зөвлөх /Дижитал/,"Мэдээлэл технологи, Харилцаа холбоо","Гүйцэтгэх үндсэн үүрэгДижитал сувгаар хандсан хэрэглэгчид үйлчилгээний стандартын дагуу, үнэн зөв бүрэн мэдээлэл хүргэх, хэрэглэгчид тулгамдсан асуудлыг хүлээн авч оношлон шийдвэрлэх, санал хүсэлтийг хүлээн авах, нөхцөлийн дагуу үйлчилгээ үзүүлэн хэрэглэгчийн сэтгэл ханамжийг өндөр түвшинд байлгах",
Үйлдвэрийн дамжлагын ажилтан- Pepsi Mongolia /эр/,"Үйлдвэрлэл, Дэд бүтэц","Гүйцэтгэх үндсэн үүрэг
Үйлдвэрийн үндсэн үйл ажиллагаанд туслах үүрэг гүйцэтгэх
Удирдлагаас өгсөн чиг үүргийг гүйцэтгэх
Холбогдох бичиг баримт бүртгэх 
АБТ-д заасан чиг үүрэг","1,500,000 - 1,800,000 ₮"
Эрдэм шинжилгээний ажилтан,"Төрийн болон төрийн бус байгууллага, ОУБ","Гүйцэтгэх үндсэн үүрэг 

Эрчим хүчний салбарын стандарт, нормативын болон бусад баримт бичиг боловсруулах, стандартын төслийг англи хэлнээс монгол хэл рүү орчуулах болон монгол хэлнээс англи хэл рүү орчуулах
Боловсруулж дуусгасан стандартын төсөл, баримт бичгийг хянаж унших",
"Жолооч /В, С/-Pepsi Mongolia","Ажилчид, туслах ажилтан","Гүйцэтгэх үндсэн үүрэг- Худалдааны төлөөлөгчийн авсан захиалгын дагуу Түгээгчийн хамтаар захиалгыг харилцагч нарт хүргэж өгөх, ачих, зөөх
- Агуулахаас бүтээгдэхүүнийг машиндаа бэлдэж гарах
- Хариуцсан машины бүрэн бүтэн, цэвэр байдлыг хангах
- Замын хөдөлгөөнд дүрмийн дагуу оролцох
- АБТ-д заасан чиг үүргүүд","1,500,000 - 1,800,000 ₮"
Тооцооны нягтлан бодогч /Pepsi Mongolia/,"Банк, санхүү, нягтлан бодох бүртгэл","Гүйцэтгэх үндсэн үүрэг
Борлуулалтын тооцоог бүртгэх, хянах
Мөнгөн хөрөнгийн бүртгэл, хөтлөлт
Харилцагчидтай тооцоо нийлэх
Тайлан мэдээг бэлтгэн тайлагнах
Худалдааний төлөөлөгчийн гаргасан тайланг үндэслэн бүх төрлийн тооцоог хянаж шалгах, өр авлага үүсгэхгүй ажиллах
Өглөг, авлагын тооцоо нийлэх, хяналт тавих
Ажлын байрны тодорхойлолтод заасан чиг үүргүүд","1,800,000 - 2,100,000 ₮"
ХУДАЛДААНЫ ЗӨВЛӨХ /Эрэгтэй яармаг салбар/,"Худалдаа, Борлуулалт","Гүйцэтгэх үндсэн үүрэг
Байгууллагын борлуулалтын төлөвлөгөөт зорилтыг хангаж ажиллах
Хэрэглэгч, үйлчлүүлэгчдэд түргэн шуурхай үйлчилгээ үзүүлэх
Өөрийн хариуцсан бараа бүтээгдэхүүн, эд зүйлсийн тоо ширхэг, бүрэн бүтэн байдлыг хангах
Борлуулалтын данс тооцоо хийж тулгах","1,800,000 - 2,100,000 ₮"
Агентаар ажиллах БИЗНЕС ХАМТРАГЧ,"Барилга, Үл хөдлөх хөрөнгө","Гүйцэтгэх үндсэн үүрэг
Үндсэн цалингүй буюу борлуулалтын орлого (хийснээрээ) цалинждаг
ҮХХ борлуулах, түрээслэх, худалдан авахад зуучлалын үйлчилгээ үзүүлэх
ҮХХ бролуулалт, түрээс, хөрөнгө оруулалттай холбоотой зөвлөх үйлчилгээг үзүүлэх
Харилцагчтай зуучлалын гэрээ байгуулах","4,000,000 - 5,000,000 ₮"
Агентаар ажиллах БИЗНЕС ХАМТРАГЧ,"Худалдаа, Борлуулалт","Гүйцэтгэх үндсэн үүрэг
Үндсэн цалингүй буюу борлуулалтын орлого (хийснээрээ) цалинждаг
ҮХХ борлуулах, түрээслэх, худалдан авахад зуучлалын үйлчилгээ үзүүлэх
ҮХХ бролуулалт, түрээс, хөрөнгө оруулалттай холбоотой зөвлөх үйлчилгээг үзүүлэх
Харилцагчтай зуучлалын гэрээ байгуулах","5,000,000 - 6,000,000 ₮"
Хүдэр боловсруулалт хариуцсан зохицуулагч,Уул уурхай,"Гүйцэтгэх үндсэн үүрэгЭнэ ажил үүргийн зорилго нь хүдэр боловсруулах үйлдвэрийг ажиллуулах, түүний дотор Томра лазер ангилан ялгах машины хэвийн ажиллагааг хангах явдал юм.
Үндсэн үүрэг:

Лазерийн хэлхээний үйл ажиллагааг хянах
Уурхайгаас ирж буй хүдрийн тэжээл, хацарт бутлуур, ялгагч шигшүүр, Троммел угаагч, 16 туузан дамжуулагч зэргийг агуулж буй үйлдвэрийн жигд ажиллагааг хангах.
Үйлдвэрийн хүчин чадлыг хадгалах, тэжээл нь үйлдвэрийн боловсруулах тээрэмд өдөр бүр хүрэх явдлыг хангах
Үйлдвэрлэлийг үргэлжлүүлэх, үйлдвэрийн янз бүрийн элементүүдийг бүрэн хянаж, ажиллуулан, үүрэг хариуцлагаа биелүүлэхийн тулд операторууд болон гадны хүмүүсийг сургаж, тэдэнд зааварчилгаа өгсөн байх явдлыг баталгаажуулах зорилгоор тэднийг хянаж, удирдана.
Лазер Ангилан Ялгагчийг Ханган Нийлүүлэгчтэй холбоо харилцаатай байж, машиныг үргэлж ажиллуулахын тулд бүрэн шалгалт, засвар үйлчилгээ хийнэ.","2,500,000 - 3,000,000 ₮"
"ЦАХИЛГААН ХАНГАМЖ, ХӨРГӨЛТ ХАРИУЦСАН ИНЖЕНЕР","Банк, санхүү, нягтлан бодох бүртгэл","Гүйцэтгэх үндсэн үүрэг
Банкны Дата төвүүдийн цахилгаан болон хөргөлтийн тоног төхөөрөмжийн тасралтгүй найдвартай үйл ажиллагааг хангаж ажиллах. 
Банкны Төв байр, Салбар Тооцооны төвүүдийн серверийн өрөөний хөргөлтийн тоног төхөөрөмж, цахилгаан үүсгүүрүүдийн хэвийн ажилгааг хангаж ажиллах.
Салбар тооцооны төвийн цахилгааны гэмтэл саатлын үед цахилгаан үүсгүүрээр хангаж ажиллах.
Тендерт зарлагдсан тоног төхөөрөмжийн техникийн үзүүлэлт шаардлагыг гаргаж өгч түүнд хяналт тавих.
Удирдлагаас өгсөн бусад үүрэг даалгаврыг биелүүлэх","2,100,000 - 2,500,000 ₮"
"ЦАХИЛГААН ХАНГАМЖ, ХӨРГӨЛТ ХАРИУЦСАН ИНЖЕНЕР","Банк, санхүү, нягтлан бодох бүртгэл","Гүйцэтгэх үндсэн үүрэг
Банкны Дата төвүүдийн цахилгаан болон хөргөлтийн тоног төхөөрөмжийн тасралтгүй найдвартай үйл ажиллагааг хангаж ажиллах. 
Банкны Төв байр, Салбар Тооцооны төвүүдийн серверийн өрөөний хөргөлтийн тоног төхөөрөмж, цахилгаан үүсгүүрүүдийн хэвийн ажилгааг хангаж ажиллах.
Салбар тооцооны төвийн цахилгааны гэмтэл саатлын үед цахилгаан үүсгүүрээр хангаж ажиллах.
Тендерт зарлагдсан тоног төхөөрөмжийн техникийн үзүүлэлт шаардлагыг гаргаж өгч түүнд хяналт тавих.
Удирдлагаас өгсөн бусад үүрэг даалгаврыг биелүүлэх","2,100,000 - 2,500,000 ₮"
Төслийн менежер,"Мэдээлэл технологи, Харилцаа холбоо","Гүйцэтгэх үндсэн үүрэг
Өдөр тутмын скрам уулзалт, хурлыг зохион байгуулах, төлөвлөх
Багийн бүх гишүүдийг нэг ойлголттой байлгах
Гарж буй ахиц гүйцэтгэлийг байнга хянаж скрам багийг сайжруулахад туслах
Төслийн үйл явц, үр дүн, 
Тайлан бэлтгэж оролцогч талуудад танилцуулах
Багийн гишүүдийн хийж байгаа ажлын явцыг ил тод байлгах
Уялдаа холбоог зохицуулж, өндөр гүйцэтгэлтэй ажиллах боломжийг бүрдүүлэх
Багийн гишүүд үүрэг хариуцлагаа багаараа хуваалцахад чиглүүлэх, дасгалжуулах
Харилцагчид үнэ цэнэ өгөх бүтээгдэхүүн үйлчилгээний сайжруулалт болон нэмэлт хөгжүүлэлтийн ажлын захиалгыг бүртгэх, төлөвлөх харилцааг хариуцах 
Хэлэлцүүлэг хийж backlog уудын агуулгыг тодорхой болгох, хүлээж байгаа үр дүнгийн дагуу шинэчлэх зэрэг ажилд оролцох, туслах","1,800,000 - 2,100,000 ₮"
Техник геологич,Уул уурхай,"Гүйцэтгэх үндсэн үүрэг1. Энэхүү ажлын байр нь уурхайн нүүрс олборлолт, нүүрсний чанар тодорхойлох дээжлэлт, уурхайн геологийн зураглал хайгуулын ажил зэрэгт туслах үүрэгтэйгээр оролцоно.
2. Эрүүл мэнд, аюулгүй ажиллагаанд холбоотой бүх үйл ажиллагаанд идэвхтэй оролцох, өөрийн үйлдлээр болон бусдын эерэг зан үйлийг урамшуулах зарчмаар тогтсон стандартуудыг хэрхэн дагаж мөрдөхийг үлгэрлэн үзүүлэх
3. Өндөр эрсдэлтэй газруудад эрсдэлийг бууруулах арга хэмжээ авах хэрэгжүүлэх, эрсдэл гарахаас урьдчилан сэргийлэх
4. Геологийн төрөл бүрийн мэдээллээр уурхайн баг хамт олон болон гэрээт ажилтнуудтай харилцаж, хооронд нь холбож ажиллах, ажил үүргийн биелэлтэнд хяналт тавих
5. Уурхайн нүүрс олборлолтын үеийн дээжлэлт хийх, олборлолтын үеийн болон хайгуулын ажлын дээжийн шинжилгээний үр дүнд боловсруулалт үйлдэх, Үүнд: нүүрсний овоолгын болон уурхайн нээгдсэн түвшинд, экспорт, гадны байгууллагатай хамтарсан тест, гаалийн.
6. Уурхайн нүүрс олборлолтонд хяналт тавих, зааварчилга өгөх, олборлох хэсгийн нүүрсний чанарын үзүүлэлтийг тодорхойлох, хянах, нүүрс олборлолтын гүйцэтгэлийг удирдлагад тайлагнах
7. Уурхайн хана, ул болон мөргөцөг, нээгдсэн түвшинд геологи-литологийн зураглал, нүүрсний давхаргын ул болон таазны зураглал, нүүрсний давхрагад чанарын үзүүлэлтийн ангиллын зураглал үйлдэх, шинэчлэх, тайлагнах
8. Нүүрсний агуулахын гүйцэтгэлд хяналт тавих, овоолгын бохирдол, чанарын үзүүлэлтийг шалгах, хянах, шаардлагатай арга хэмжээ авах, тайлагнах
9. Овоолгын дээжлэлт, үр дүнгийн боловсруулалт чанарын үзүүлэлтийг тодорхойлох, овоолгын хэлбэр, тонн хэмжээг тодорхойлох, бохирдол материалыг тодорхойлж арга хэмжээ авах, хяналт тавих, байгууллагын нүүрсний ангилал болон гэрээнд заагдсан үзүүлэлтээр бэлтгэх
10. Геологи хайгуулын ажилд дэмжлэг үзүүлж ажиллах,
11. Удирдлагын өгсөн бүх үүрэг даалгаврыг аюул осолгүй, үр бүтээлтэй, цаг хугацаанд нь биелүүлэх
12. Компьютер, машин, оффисын тоног төхөөрөмж зэргийн бүрэн бүтэн байдлыг хангаж, гарсан аливаа доголдлыг цааш мэдээлэх","2,500,000 - 3,000,000 ₮"
Дампын оператор,Уул уурхай,"Гүйцэтгэх үндсэн үүрэг60 тн даацтай дампаар хөрс, нүүрс тээвэр хийх","2,100,000 - 2,500,000 ₮"
Хүнд машин механизмын цахилгаанчин,Уул уурхай,"Гүйцэтгэх үндсэн үүрэг
Хүнд машин механизмын цахилгааны системд гарсан эвдрэлийг оношлох, засварлах, цахилгаан эд ангийг солих.","2,500,000 - 3,000,000 ₮"
Нягтлан бодогч,Уул уурхай,"Гүйцэтгэх үндсэн үүрэгERP шинэ систем нэвтрүүлэхтэй хамааралтай ерөнхий нягтлан бодогчийг орлон ажиллах 1 жилийн хугацаатай түр ажлын байр болно. 
1. Компанийн НББ-ийн бодлого, холбогдох журам зааварт нийцүүлэн НББ, татварын үйл ажиллагааг оновчтой зохион байгуулах,
2. НББ-ийн хөтлөлтийг удирдан гүйцэтгэх, санхүүгийн тайлан, татварын тайлан бэлтгэх, удирдлагыг шаардлагатай мэдээллээр хангах,
3. НББ-ийн хэлтсийн ажилчдыг СТОУС, НББ, татварын холбогдох хууль тогтоомжийн хүрээнд мэргэжлийн аргазүйгээр хангах,
4. Авлага өрийн удирдлага, өртөг зардлын хуваарилалт, хөрөнгө оруулалт, төсвийн гүйцэтгэл зарцуулалтын хяналтыг хэрэгжүүлэх,","4,000,000 - 5,000,000 ₮"
Эдийн засагч-Эрдэнэт хотод,"Банк, санхүү, нягтлан бодох бүртгэл","Гүйцэтгэх үндсэн үүрэг
Эдийн засгийн төлөвлөгөө, компанийн стратеги, хөрөнгө оруулалтын төлөвлөгөө бодлого боловсруулах, зөвлөгөө өгөх, төсөл хэрэгжүүлэх эдийн засгийн үндэслэл тооцоолох,
Нийт эдийн засаг ба тодорхой ерөнхий байдал, өнгөрсөн үйлдвэрлэл, хэрэглээний бүртгэл, баримтыг судлан тухайн бараа, үйлчилгээний ирээдүйн эрэлт, нийлүүлэлтийг тооцоолох, таамаглах,
Орлого, зарлага, хүү, валютын ханшны мэдээлэлд шинжилгээ хийж, ирээдүйн төлөв байдлыг таамаглах,
Компанийн эдийн засгийн үйл ажиллагаа, тулгарч буй асуудалд дүн шинжилгээ хийх, үнэ тогтоох, борлуулалтын хэмжээг тооцоолох болон зах зээлд нэвтрэх, ирээдүйн чиг хандлагыг тогтоох, бизнесийн стратеги тодорхойлох зорилгоор  зах зээлийн судалгаа хийх болон бусад ажлын байрны тодорхойлолтонд заасан ажил үүргийг гүйцэтгэнэ.","1,500,000 - 1,800,000 ₮"
Авлагын менежер,"Худалдаа, Борлуулалт","Гүйцэтгэх үндсэн үүрэг
Хугацаа хэтэрсэн авлагын листийн дагуу нэхэмжлэх үүсгэх
Нягтлантай тооцоо",
Туслах маркшейдер,Уул уурхай,"Гүйцэтгэх үндсэн үүрэг
Уурхайн бүсэд гадаргын болон далд уурхайн хэмжилт хийхэд туслах, хэмжилт хийх
Ил болон далд уурхайд хийгдэх төрөл бүрийн маркшейдерийн ажлын хэмжилт, боловсруулалтын ажлыг маркшейдрийн зааварын дагуу  зураглал хийх. 
Ил болон далд уурхайн малталт нэвтрэлтэд чиглэл өгөх, маркшейдрийн график зураг бэлтгэх, гаргах уулын болон маркшейдрийн ажлыг гүйцэтгэхэд туслах.","1,200,000 - 1,500,000 ₮"
МЕХАНИК ИНЖЕНЕР /MG Motors/,Автомашины засвар үйлчилгээ,"Гүйцэтгэх үндсэн үүрэгАвтомашинд засвар үйлчилгээ хийх, аливаа эвдрэлийн шалтгааныг оношилж, засах болон ажлын байрны тодорхойлолтонд заасан бусад ажил үүргийг гүйцэтгэнэ.","1,800,000 - 2,100,000 ₮"
ТООЦООНЫ НЯГТЛАН БОДОГЧ-1,"Банк, санхүү, нягтлан бодох бүртгэл","Гүйцэтгэх үндсэн үүрэгЖижиглэнгийн сувгийн төлбөр тооцоог хариуцаж ажиллах
Хүргэгчийн падаан авах, төлбөр холбох
Данс шүүх, мэдээ явуулах
Борлуулалтын баримт үдэх, цэгцлэх
Удирдлагаас өгсөн нэмэлт үүрэг даалгавар","1,500,000 - 1,800,000 ₮"
Сэтгүүлч /сошиал/,"Хэвлэл мэдээлэл, Медиа","Гүйцэтгэх үндсэн үүрэг- Мэдээг сошиал сүлжээнд түгээх
- Видео мэдээг хувиргах
- Сошиалд анализ хийх
- Шууд дамжуулалт хийх
- Видео, фото зураг авах
- Бусад АБТ-ын дагуу","1,000,000 - 1,200,000 ₮"
ХУДАЛДАН АВАЛТЫН АХЛАХ МЭРГЭЖИЛТЭН,"Банк, санхүү, нягтлан бодох бүртгэл","Гүйцэтгэх үндсэн үүрэг
Банкны албан хэрэгцээнд шаардлагатай биет болон биет бус хөрөнгийн худалдан авалтыг зохих журмын дагуу, эдийн засгийн үр ашигтайгаар, холбогдох баримт бүрдүүлж, зохих зөвшөөрлийн дагуу хийх
Худалдан авалт, ажил гүйцэтгэлтэй холбоотой үнийн, зах зээлийн судалгааг үнэн бодитой, чанартай хийх, гэрээний төслийг Англи болон Монгол хэл дээр бэлтгэх, гэрээний хэрэгжилтэд хяналт тавих, гэрээний төлбөр шилжүүлэх
Тендер сонгон шалгаруулалт зохион байгуулах, холбогдох шийдвэрийн дагуу гэрээ байгуулах, төлбөр шилжүүлэх
Хэлтсийн үйл ажиллагаатай холбоотой бодлого, журам боловсруулах, тэдгээрт өөрчлөлт оруулах, санал өгөх, хэлэлцүүлж батлуулах, хэрэгжилтэнд хяналт тавих
Хэлтсийн үндсэн чиг үүргийн хүрээнд хийгдэж байгаа ажиллагаанд дүн шинжилгээ хийх, холбогдох саналыг бэлтгэн удирдлагад танилцуулах
Банкны нэгдсэн төсөв төлөвлөгөө боловсруулахад нэгтгэл хийж туслалцаа үзүүлэх","2,100,000 - 2,500,000 ₮"
ХУДАЛДААНЫ ТӨЛӨӨЛӨГЧ,"Худалдаа, Борлуулалт","Гүйцэтгэх үндсэн үүрэг
Тогтоосон маршрутын дагуу худалдааны цэгээ бүрэн хамарч ажиллах
Өөрийн чиглэлийн харилцагч нарт компанийн тухай үнэн зөв мэдээллийг өгч, бүтээгдэхүүний үнийг борлуулалтын албанаас гаргаснаар баримтлан ажиллах
Үйл ажиллагаатай холбоотой үйлдэгдэж байгаа баримтуудын бүрэн бүтэн байдлыг хангаж хадгалалт хамгаалалтыг хариуцах","2,500,000 - 3,000,000 ₮"
Теллер /БСБ Финанс ББСБ/,"Банк, санхүү, нягтлан бодох бүртгэл","Гүйцэтгэх үндсэн үүрэг
ББСБ-ын санхүүгийн бэлэн болон бэлэн бус гүйлгээг хийх, дотоодын дансуудтай харьцах
АБТ-д заагдсан бусад ажил үүрэг","1,800,000 - 2,100,000 ₮"
МЕРЧИНДАЙЗЕР,"Худалдаа, Борлуулалт","Гүйцэтгэх үндсэн үүрэг
Борлуулалтын цэг, бүтээгдэхүүний өрөлт, хураалт байршуулалтын хяналт хийх
Хөргүүрийн үр өгөөж, бүтээгдэхүүн байршуулалт температур, чийгшил хяналт бүртгэл хөтлөлт хийх 
Худалдааны төлөөлөгчийн борлуулалтын цэгийн эргэцийн хяналт хийх 
Харилцагчийн лангуун дээрх болон агуулах дахь бүтээгдэхүүний хугацаа, чанарын хяналт хийх","1,500,000 - 1,800,000 ₮"
Санхүүгийн менежер,"Банк, санхүү, нягтлан бодох бүртгэл","Гүйцэтгэх үндсэн үүрэг


Гадны хөрөнгө оруулагч, түншүүдийн шаардсан чанарын болон тоон өгөгдлийг боловсруулан гаргаж өгөх, үнэн бодит, нэгдмэл байдлыг хангах
Гадны хөрөнгө оруулалтын сангуудтай холбогдон, тэдгээрээс санхүүжилт татах ажлыг зохион байгуулах
Гадны хөрөнгө оруулагчдын тавьсан санхүүгийн харьцаа үзүүлэлтийг тооцох түүнд хяналт тавих","2,100,000 - 2,500,000 ₮"
БҮТЭЭГДЭХҮҮН МАРКЕТИНГИЙН  МЭРГЭЖИЛТЭН,"Маркетинг, PR, Менежмент","Гүйцэтгэх үндсэн үүрэг
Хариуцсан бүтээгдэхүүн үйлчилгээний сайжруулалт, шинэчлэлт, шаардлагатай бол цуцлалт зэрэг амьдралын мөчлөгийг бүхэлд нь удирдах.
Шинэ бүтээгдэхүүнийг зах зээлд нэвтрүүлэх үйл ажиллагааг цогцоор удирдан ажиллана.
Бүтээгдэхүүн үйлчилгээний байгууллагын хэрэглэгчдэд зохиулсан тусгай үнэ тарифыг тогтоох, үйлчилгээний нөхцөлийг боловсруулах, маркетингийн үйл ажиллагааг төлөвлөн хэрэгжүүлэх.
Нөхцөл байдлын шинжилгээ, үр дүнгийн тайланг тогтмол гаргах.","2,500,000 - 3,000,000 ₮"
Уурхайн тооцооны нягтлан бодогч,"Банк, санхүү, нягтлан бодох бүртгэл","Гүйцэтгэх үндсэн үүрэг-Өдөр тутмын тооцоо, бүртгэл хийх 
-Нягтлангаар 2-аас багагүй жил ажиллаж байсан туршилгатай 
-Тайлан тооцоо гаргаж байсан туршилгатай 
-Ажлын байрны тодорхойлолтын дагуу","2,100,000 - 2,500,000 ₮"
ЦАХИЛГААНЫ ИНЖЕНЕР,Уул уурхай,"Гүйцэтгэх үндсэн үүрэгИнженер нь уурхайн орчинд үүсч буй цахилгааны доголдол, обьектын цахилгааны нөхцлийг загварчлах, сайжруулах, бусад цахилгаан тоног төхөөрөмжүүд, удирдлагын холбооны системийн үйл ажиллагааг шалгах, хянах, засварлах зэрэг ажлын байрны тодорхойлолтонд тусгагдсан үндсэн ажил үүргийг гүйцэтгэнэ. Өндөр намын цахилгаан холболт хийж байсан туршилгатай байх. Бутлуурын үйлдвэр, баяжуулахын үйлдвэр дээр ажиллаж байсан бол давуу тал болно","2,500,000 - 3,000,000 ₮"
Дотоод аудитор,"Банк, санхүү, нягтлан бодох бүртгэл","Гүйцэтгэх үндсэн үүрэгБайгууллагын үйл ажиллагаа, үзүүлж байгаа ажил, үйлчилгээ нь холбогдох хууль, журамд нийцэж байгаа эсэхэд хяналт тавьж, зөрчил, эрсдлээс урьдчилан сэргийлэх, хяналтаар илэрсэн зөрчил, дутагдлыг арилгах, байгууллагын үйл ажиллагааг сайжруулах талаар зөвлөмж гаргаж, хэрэгжилтийг хангуулах, зөрчил дахин давтагдахаас сэргийлэх","1,800,000 - 2,100,000 ₮"
ПРОГРАМ ХӨГЖҮҮЛЭГЧ,"Мэдээлэл технологи, Харилцаа холбоо","Гүйцэтгэх үндсэн үүрэгБайгууллагын програм хангамжийг байнга сайжруулан тасралтгүй найдвартай ажиллагааг хангах.
Шинэ програм хангамж боловсруулах.","3,000,000 - 4,000,000 ₮"
Төслийн админ /ОТ сайтад ээлжээр ажиллах/,"Захиргаа, Хүний нөөц","Гүйцэтгэх үндсэн үүрэг
ОТ сайт дээр 14/14 ээлжийн хуваарийн дагуу төслийн багт ажиллана. 
Ажилтнуудын аялал, нислэгийн зохицуулалт, амрах өрөөний захиалга хийх. 
Сургалт захиалах, бичиг баримтуудын хүчинтэй байдлыг шалгах. 
Төрөл бүрийн тайлан хийж гүйцэтгэх, менежментийн багт туслалцаа үзүүлэх. 
Цаг бүртгэл хөтлөх.
Шууд удирдлагаас өгсөн бусад үүрэг даалгаврыг хийж гүйцэтгэх.","2,100,000 - 2,500,000 ₮"
RESEARCHER,Information Technology and Telecommunications,"Job description- Responsible for conducting research and analysis to support the development of our ERP systems and implementation. This is a full-time on-site role located in Ulaanbaatar. Your day-to-day tasks will include identifying moduls in the Odoo ERP, collaborating with the implementation team to explore new updates, conducting market research, and monitoring the competition.","2,100,000 - 2,500,000 MNT   /Monthly/"
НЭВТРҮҮЛЭЛТИЙН МЕНЕЖЕР,"Банк, санхүү, нягтлан бодох бүртгэл","Гүйцэтгэх үндсэн үүрэг
Мэдээлэл технологийн үйлчилгээ, програм хөгжүүлэлтийн компанид нэвтрүүлэлттэй холбоотой үйл ажиллагааг хариуцах, харилцагчдад мэдээлэл өгөх, асуултанд хариулах,тулгамдсан асуудлыг шийдвэрлэж өгөх
Ажлын байрны тодорхойлолтод заасан бусад чиг үүргүүдийг хэрэгжүүлж ажиллана.","1,500,000 - 1,800,000 ₮"
РЕСЕПШИН /оройн цагаар ажиллах/,"Аялал жуулчлал, зочид буудал","Гүйцэтгэх үндсэн үүрэгТансаг зэрэглэлийн лоунж, клуб-д ээлжээр ажиллана. 
Орой ажиллах цаг: 19:00-04:00 цаг
 

Ирсэн зочдыг угтах, үдэх
Зочид болон үйлчлүүлэгчдийг мэдээллээр хангах
Ажлын байрны тодорхойлолтод заасан бусад ажил үүргийг гүйцэтгэнэ","1,500,000 - 1,800,000 ₮"
МАРКЕТИНГИЙН МЕНЕЖЕР,"Маркетинг, PR, Менежмент","Гүйцэтгэх үндсэн үүрэг
Тансаг зэрэглэлийн speakeasy bar, лоунж, клуб-ын Борлуулалт өсгөхөд чиглэсэн маркетинг идвэхижүүлэлтийн ажил санаачлах, үр дүн гаргах;
Member гишүүдийг хариуцан маркетинг идвэхижүүлэлт хийж, багаар хамтран ажиллана","2,100,000 - 2,500,000 ₮"
ХҮНИЙ НӨӨЦИЙН МЕНЕЖЕР /СШ/,"Захиргаа, Хүний нөөц","Гүйцэтгэх үндсэн үүрэг
Байгууллагын бүрдүүлэлт, сонгон шалгаруулалтын журам, стандартын дагуу процессийг үр дүнтэй удирдан зохион байгуулах
Бүрдүүлэлтийн олон талт сувгийг хөгжүүлэх замаар ажил горилогчийн хандалтыг нэмэгдүүлэх
Түлхүүр ажлын байрны дагуу ажил горилогч / нөөцийн бүрдүүлэлтийг хийх
Хариуцсан салбарын хөдөлмөрийн эрхлэлтийн харилцааг Хөдөлмөрийн харилцааны чиг үүрэг хариуцсан Хүний нөөцийн мэргэжилтэнтэй хамтран удирдах
Шинэ ажилтны дасан зохицол чиглүүлэгийн профессийг журмын дагуу удирдах замаар туршилтын хугацаанд жинхэлсэн ажилтны хувийг тогтвортой хадгалах
Хариуцсан хүний нөөцийн функцийн үйл ажиллагааг сайжруулах, холбоотой тайланг мэдээг бэлтгэх","2,100,000 - 2,500,000 ₮"
ТӨСЛИЙН МЕНЕЖЕР /АНГЛИ ХЭЛТЭЙ/,"Барилга, Үл хөдлөх хөрөнгө","Гүйцэтгэх үндсэн үүрэг
Компаний борлуулалтын бодлого тодорхойлж хэрэгжилтийг хангах, холбоотой хөгжүүлэлтүүдийг хийж гүйцэтгэх, үйлдвэрлэлийн үйл ажиллагааны уялдаа холбоог сайжруулах
Зах, зээлийн судалгаа хийх- Хэрэглэгчийн шаардлагын дагуу бүтээгдэхүүн хөгжүүлэлт хийх, санал санаачлага гаргах, гүйцэтгүүлэх
Компаний бизнесийн үр ашгийг нэмэгдүүлэхэд шаардлагатай тооцоо, судалгааг хийх, санал зөвлөмж, төлөвлөгөө гаргах.
Дүрэм журмын боловсруулалт, хэрэгжилтэнд хяналт тавих, сайжруулах
Байгууллагын хүрээнд шийдвэрлэх шаардлагатай асуудлыг шууд удиррдлагаар шийдвэрлүүлэх","3,000,000 - 4,000,000 ₮"
АШИГЛАЛТЫН ИНЖЕНЕР,Уул уурхай,"Гүйцэтгэх үндсэн үүрэгУулын ажлын дунд болон богино хугацааны төлөвлөлт гаргах
Ажлын байрны тодорхойлолтын дагуу бусад чиг үүрэг","4,000,000 - 5,000,000 ₮"
Quantity Surveyor,"Барилга, Үл хөдлөх хөрөнгө","Гүйцэтгэх үндсэн үүрэг
Estimating quantity from drawings
Preparation of schedules of works, schedules of materials, equipment etc.
Preparation of cost of job scopes, materials
Coordination of contract with legal department and other related departments
Liaison with construction department, main contractor and sub-contractors
Preparation of monthly reports, analysis, budget reports, risk assessments, and cost control reports
Evaluate monthly progress payments
Preparation cost reports for value engineering and additional works, change orders and variations
Collecting quotations and prepare comparison reports",
Үйл ажиллагааны менежер,"Үйлдвэрлэл, Дэд бүтэц","Гүйцэтгэх үндсэн үүрэг 

Шууд удирдлагын өдөр тутмын ажиллагаанд дэмжлэг үзүүлэх
Шууд удирдлагаас өгсөн үүрэг даалгаварыг цаг тухайд нь чанартай хийж гүйцэтгэх 
Судалгаа, үнэлгээ, анализ хийх
Төслийн болон үйл ажиллагааны төлөвлөгөө боловсруулах
Төлөвлөгөөний дагуу явцыг хянах, үр дүнг хэмжих, сайжруулах
Ажлын байрны тодорхойлолтод заасан бусад чиг үүргийг хэрэгжүүлнэ","2,500,000 - 3,000,000 ₮"
IT Мэргэжилтэн,"Мэдээлэл технологи, Харилцаа холбоо","Гүйцэтгэх үндсэн үүрэг
Ажлын байрны тодорхойлолтонд заасан үндсэн чиг үүргүүд
Байгууллагын мэдээллийн харилцаа холбооны аюулгүй байдлыг хангах
Компьютерийн техник хангамж, программ хангамж дотоод сүлжээний хэвийн үйл ажиллагаа, бүрэн бүтэн найдвартай байдлыг ханган ажиллахад дэмжлэг үзүүлэх
Цаг бүртгэлийн төхөөрөмжийн тохиргоо хийх, дата-г илгээх 
Байгууллагын сүлжээ, сервер комьютер ашиглалт засвар үйлчилгээ, техниктэй холбоотой ажлууд дээр бие даан ажиллах чадвартай
Өдөр тутмын үйл ажиллагаандаа Мэдээллийн аюулгүй байдлын холбогдох дүрэм журмыг мөрдөн ажиллах","1,200,000 - 1,500,000 ₮"
Бульдозерын оператор /CAT-D8R/,Уул уурхай,"Гүйцэтгэх үндсэн үүрэгАюулгүй  ажиллагааны  горимын  дагуу   зам  талбай  тэгшлэх, хөрс хуулалт,  ул түрэх, газар шороо ухах, тараах ажлыг гүйцэтгэх","2,500,000 - 3,000,000 ₮"
Санхүүгийн менежер,"Үйлдвэрлэл, Дэд бүтэц","Гүйцэтгэх үндсэн үүрэг
Компанийн санхүүгийн төсөв боловсруулах, гүйцэтгэлд шинжилгээ хийж хяналт тавих;
Удирдлагыг тайлан мэдээгээр хангах;
Группийн нэгтгэл тайлан бэлтгэх;","2,500,000 - 3,000,000 ₮"
ТЭЭВЭР ХАРИУЦСАН МЭРГЭЖИЛТЭН,"Тээвэр, гааль, агуулах","Гүйцэтгэх үндсэн үүрэгКомпанийн хэмжээнд импортоор орж ирж байгаа бараа материалыг хүлээн авахтай холбоотой үйл ажиллагааг зөв зүйтэй зохион байгуулах импортлогч компани, салбар нэгжийн үйл ажиллагаанд дэмжлэг үзүүлэх.","1,500,000 - 1,800,000 ₮"
Борлуулалтын менежер,"Тээвэр, гааль, агуулах","Гүйцэтгэх үндсэн үүрэг

Ажлын байрны тодорхойлолтын дагуу ажил үүрэг гүйцэтгэх,
Компанитай хамтран ажиллах боломжит үйлчлүүлэгчдийг хайж олох, зөвлөх,
Ажлын гэрээ болон захиалга дээр ажиллах чадамжтай,
Захиалга: ачааны байршлыг хянах, хүргэгдэх хугацааг тооцоолох, үйлчлүүлэгч, гүйцэтгэгч нартай харилцах, тээврийн баримт бичгийг шалгах (CMR, нэхэмжлэх, ачааны мэдээллийн хуудас гэх мэт), шинээр гарч ирж буй асуудлуудыг шийдвэрлэх,
Албан томилолтоор ажиллах /олон улсын/, үзэсгэлэн, хурал зөвлөгөөнд оролцох,
Авлагын үйл ажиллагаанд оролцох.","2,100,000 - 2,500,000 ₮"
Ерөнхий нягтлан бодогчийн орлогч,"Тээвэр, гааль, агуулах","Гүйцэтгэх үндсэн үүрэг

Гадаад харилцагч байгууллагуудын өглөг болон авлага болон санхүүгийн гүйлгээг хянах, бүртгэл хийх.
Байгууллагын үндсэн эд хөрөнгийн бүртгэл тайлан, бараа материал, мөнгөн гүйлгээ болон өглөг авлагыг хянах.
Гадаад харилцагч байгууллага болон банкуудтай харилцах. Гадаад дотоод санхүүгийн тайлан мэдээ бэлтгэх, илгээх.","2,500,000 - 3,000,000 ₮"
Үйлчилгээний зөвлөх,Үйлчилгээ,"Гүйцэтгэх үндсэн үүрэгҮйлчлүүлэгчтэй харилцах, хувцас эдлэлийн онцлог болон цэвэрлэгээний талаар зөвлөн мэдээлэх, хувцас эдэлийг цэвэрлэгээнд хүлээн авах, хүлээлгэн өгөх","1,500,000 - 1,800,000 ₮"
НЯГТЛАН БОДОГЧ,"Банк, санхүү, нягтлан бодох бүртгэл","Гүйцэтгэх үндсэн үүрэгАнхан шатны болон нягтлан бодох бүртгэлийг зохих журмын дагуу хөтлөх, мэдээллийн бүрдүүлэлтийг хянах,  сар, улирал, жилийн тайлан мэдээ гаргах, удирдлага болон санхүүгийн тайлан хэрэглэгчдийг шийдвэр гаргахад үнэн зөв мэдээллээр шуурхай хангах.","1,500,000 - 1,800,000 ₮"
Дотор заслын мужаан ажилд авна,"Барилга, Үл хөдлөх хөрөнгө",Гүйцэтгэх үндсэн үүрэгАжлын байрны тодорхойлолтод тусгагдсан чиг үүргийн дагуу ажиллана.,"2,500,000 - 3,000,000 ₮"
Хүний нөөцийн мэргэжилтэн,"Тээвэр, гааль, агуулах","Гүйцэтгэх үндсэн үүрэг

Мэргэжилтэнтэй хөдөлмөрийн гэрээ хийх, хөдөлмөрийн гэрээ цуцлах, ээлжийн амралтын хуваарь гаргах, ажилтнуудын сарын ажилласан мэдээ гаргах.
Программ дээр ажиллах.","2,100,000 - 2,500,000 ₮"
БҮТЭЭГДЭХҮҮН ХӨГЖҮҮЛЭЛТИЙН МЭРГЭЖИЛТЭН,"Маркетинг, PR, Менежмент","Гүйцэтгэх үндсэн үүрэг
Үйл ажиллагаа, бүтээгдэхүүний одоогийн нөхцөл байдалд дүн шинжилгээ хийх
Судалгаанд үндэслэн бүтээмж, үр ашгийг нэмэгдүүлэх санал санаачилга гаргах
Бүтээгдэхүүн үйлчилгээний шинэ чиглэл, хүрээг бий болгох, санаачлах
Төслийн эдийн засгийн тооцоог боловсруулах
Олон улсын болон дотоодын зах зээлийн судалгаа хийх","2,100,000 - 2,500,000 ₮"
ИМПОРТЫН МЕНЕЖЕР /ХЯТАД ХЭЛТЭЙ/,"Барилга, Үл хөдлөх хөрөнгө","Гүйцэтгэх үндсэн үүрэг
Байгууллагад шаардлагатай бараа бүтээгдэхүүнийг Хятад улсаас захиалах
Зах зээлийн судалгаа хийх
Худалдан авалтын үйл ажиллагааг зохион байгуулах
Ажлын байрны тодорхойлолтод заагдсан бусад чиг үүрэг","2,100,000 - 2,500,000 ₮"
ХАЙГУУЛЫН ГЕОЛОГИЧ  /Мэргэшсэн/,Уул уурхай,"Гүйцэтгэх үндсэн үүрэг
Компанийн эзэмшлийн хайгуулын болон ашиглалтын тусгай зөвшөөрөл бүхий уурхайн талбайд явуулах геологи, хайгуулын ажлын урт болон богино хугацааны төлөвлөлт, стратеги бодлогыг хэрэгжүүлэх, судалгаа шинжилгээ хийх, гүйцэтгэх; 
Геологи, хайгуулын ажлыг батлагдсан төлөвлөгөөний дагуу хэвийн тасралтгүй явуулах
Ажлын байрны тодорхойлолтын дагуу бусад чиг үүрэг","4,000,000 - 5,000,000 ₮"
ТӨСЛИЙН МЕНЕЖЕР,"Мэдээлэл технологи, Харилцаа холбоо","Гүйцэтгэх үндсэн үүрэг- Төслийн багийг удирдан зохион байгуулах, 
- Төслийн хамрах хүрээ, нөөц, төлөвлөгөө, төсөв гаргах амжилттай хэрэгжүүлж дуусахад шаардлагатай хүчин зүйлсийн судалгаа, төлөвлөгөөг боловсруулах
- Хариуцсан төслийн явц, гүйцэтгэлийг хянах 
- Төслийн талуудыг мэдээллээр хангах, уулзалт, сургалтыг төлөвлөгөөний дагуу тухай бүрт нь зохион байгуулах
- Төсөл эхэлхээс дуусах хүртэлх үйл ажиллагааг хариуцан ажиллах","2,100,000 - 2,500,000 ₮"
НЯГТЛАН БОДОГЧ,"Банк, санхүү, нягтлан бодох бүртгэл","Гүйцэтгэх үндсэн үүрэг
Ажлын байрны тодорхойлолтод заасан чиг үүргийг гүйцэтгэнэ.","2,100,000 - 2,500,000 ₮"
Хангамжийн менежер,"Худалдаа, Борлуулалт","Гүйцэтгэх үндсэн үүрэгКомпанийн нөөцийг зохистой түвшинд удирдаж бизнесийн тасалдалгүй байдлаар хангах, агуулахын стандартыг мөрдүүлэх","2,500,000 - 3,000,000 ₮"
VIDEO GRAPHER / ВИДЕО ГРАФИК,"Дизайн, Энтертайнмент, Соёл урлаг","Гүйцэтгэх үндсэн үүрэгВидео эдит хийх
График эффектууд хийх
Постер хийх","2,500,000 - 3,000,000 ₮"
Тээврийн жолооч,"Худалдаа, Борлуулалт","Гүйцэтгэх үндсэн үүрэгКомпанийн тэрэг техникийг ариг гамтай ашиглаж
Ачаа бараагаа 21 аймагт хорогдолгүй, барааны чанар алдагдуулахгүй, хугацаанд нь хүргэж өгөх","3,000,000 - 4,000,000 ₮"
PROJECT CONTROLLER/САНХҮҮГИЙН ХЯНАЛТЫН МЭРГЭЖИЛТЭН,"Банк, санхүү, нягтлан бодох бүртгэл","Гүйцэтгэх үндсэн үүрэгТөслүүдийн зардалд санхүүгийн хяналт тавих замаар төслийн санхүүжилтийг хэмнэлттэй, үр дүнтэй зарцуулах нөхцөлийг бүрдүүлэх, төслийн эдийн засгийн үр ашгийн тооцоо хийх","2,500,000 - 3,000,000 ₮"
Бүс хариуцсан менежер/ Өмнөговь аймагт суурин/,"Худалдаа, Борлуулалт","Гүйцэтгэх үндсэн үүрэгОрон нутагт борлуулалтыг өсгөх салбарын хэвийн үйл ажилгааг хангахад шаардлагатай хүн хүч,дүрэм журам, нөөцийг бий болгох,ажилтнуудыг сургах чадавхижуулах.","2,100,000 - 2,500,000 ₮"
График дизайнер,"Дизайн, Энтертайнмент, Соёл урлаг","Гүйцэтгэх үндсэн үүрэг- Компанийн сошиал сурталчилгааны дизайн, эх бэлтгэл, боловсруулалт, хөгжүүлэлт болон вэб хуудасны контент хөгжүүлэлтийн ажлыг хийж гүйцэтгэх.
- Маркетингийн бусад үйл ажиллагаанд дэмжлэг үзүүлж ажиллах.","2,100,000 - 2,500,000 ₮"
Үйлчлэгч,"Тээвэр, гааль, агуулах","Гүйцэтгэх үндсэн үүрэгАвтомашин засварын байгууллагын доторх ариун цэврийг өндөр түвшинд байлгах, ажилтнуудын тав тухтай ажиллах цэвэр цэмцгэр орчиныг бүрдүүлэх","1,200,000 - 1,500,000 ₮"
Тооцооны нягтлан бодогч,"Банк, санхүү, нягтлан бодох бүртгэл","Гүйцэтгэх үндсэн үүрэг
Мөнгөн хөрөнгийн бүртгэл,  хөтлөлт
Борлуулалтын тооцоог бүртгэх, хянах
Харилцагчидтай тооцоо нийлэх
Тайлан мэдээг бэлтгэн тайлагнах
Борлуулагчийн гаргаж өгсөн тайланг үндэслэн бүх төрлийн тооцоог хянаж шалгах, өр авлага үүсгэхгүй ажиллах
Бараа, бэлэн бүтээгдэхүүний тооллого хийх
Өглөг, авлагын тооцоо нийлэх, хяналт тавих","2,100,000 - 2,500,000 ₮"
Бизнес хөгжлийн албаны дарга,"Худалдаа, Борлуулалт","Гүйцэтгэх үндсэн үүрэгКомпанийн урт болон богино хугацааны борлуулалтын төлөвлөлт гаргах
Бизнесийг өргөжүүлэхэд чиглэсэн шинэ бизнес, шинэ категорийн судалгаа хөгжүүлэлт, нэвтрүүлэлт хийх
Зах зээлийн болон борлуулалтын дата анализ, тайлан хийх","4,000,000 - 5,000,000 ₮"
ҮЙЛ АЖИЛЛАГААНЫ МЕНЕЖЕР /шинэ ресторан/,"Ресторан, Хоол үйлдвэрлэл","Гүйцэтгэх үндсэн үүрэг
Стратеги төлөвлөгөө, рестораны үйл ажиллагааны зорилтыг хэрэгжүүлэх, үйл ажиллагааны төлөвлөгөө боловсруулж хэрэгжүүлэх,
Ресторан үйлчилгээний ажилтнуудын ажиллах журам, ажлын цаг, ажил үүргийн хуваарь, ажлын байрны тодорхойлолтыг боловсруулах, мөрдүүлэх, тэдний ажлыг үнэлж дүгнэх,
Хоол үйлдвэрлэлийн үйл ажиллагаа, технологи үйл явцыг оновчтой зохион байгуулах, орчин үеийн чиг хандлагад нийцүүлэн технологийн баримт бичгийг боловсруулах, чанар, аюулгүй байдлыг хангаж хяналт тавьж ажиллах, хэрэгжүүлэх. Аюулгүй ажиллагааны дүрмийг боловсруулж мөрдүүлэх,
Үйлчлүүлэгчийн хэрэгцээ шаардлагад нийцүүлэн эрүүл, амттай, чанартай хоол, уух зүйлсээр үйлчлэх,
Рестораны ажилтнуудыг шууд удирдлагаар хангаж, рестораны өдөр тутмын хэвийн үйл ажиллагаанд хяналт тавих,
Рестораны ариун цэвэр, эрүүл ахуйн стандартад нийцүүлэн ажиллах, хяналт тавих, үнэлж дүгнэх,
Рестораны тавилга эд хогшил, тоног төхөөрөмжийн бүрэн бүтэн байдлыг хангах, хяналтын бүртгэл хөтлөх,","2,500,000 - 3,000,000 ₮"
ХҮНИЙ НӨӨЦИЙН МЕНЕЖЕР,"Барилга, Үл хөдлөх хөрөнгө","Гүйцэтгэх үндсэн үүрэгБарилгын төслийн хүний нөөцийн бүрдүүлэлт, сонгон шалгаруулалттай холбоотой ажлыг мэргэжлийн төвшинд хийж гүйцэтгэнэ.
Байгууллагын багийг бүрдүүлнэ.
Ажилчдын төлөвлөгөө, тайлан авч ажлын бүтээмж хянан сайжруулах бодлогын болон хяналтын ажлыг хийнэ.
Цаг бүртгэл хянан, ажилчдын ажлын бүтээмж нийгмийн асуудлуудыг хүртэмжтэй болгох талаар ажиллана.","1,500,000 - 1,800,000 ₮"
Худалдааны төлөөлөгч,"Худалдаа, Борлуулалт","Гүйцэтгэх үндсэн үүрэгКомпанийн нийлүүлсэн барааг хот орчмын сумдуудын харилцагч хэрэглэгчдэд хүргэж борлуулах, зах зээлд тэргүүлэх байр суурийг хадгалах,борлуулалт нэмэгдүүлэх бүх арга хэмжээг авах","1,800,000 - 2,100,000 ₮"
НЯГТЛАН БОДОГЧ,"Барилга, Үл хөдлөх хөрөнгө","Гүйцэтгэх үндсэн үүрэг
Худалдан авагч болон ААН-ын өдөр тутмын гүйлгээ тооцоог хийж, сар улирал жилийн санхүүгийн болон татварын тайлан тооцоог гаргах, холбогдох байгууллагуудад хүргүүлэх
Авлагын тооцоог хариуцан ажиллаж, тайлагнах
Бичиг баримт боловсруулах чадвартай
Бусад (компанийн удирдлагаас өгсөн үүрэг даалгаврыг гүйцэтгэх)","1,800,000 - 2,100,000 ₮"
Түгээлтийн жолооч,"Тээвэр, гааль, агуулах","Гүйцэтгэх үндсэн үүрэгБараа бүтээгдэхүүнийг гэмтэл дутагдалгүй харилцагчдад маршрутын дагуу түргэн шуурхай явж хүргэх, хариуцсан техник хэрэгслийг ариг гамтай осол аюулгүй ашиглах","1,500,000 - 1,800,000 ₮"
ГЭРЭЭНИЙ МЭРГЭЖИЛТЭН,"Барилга, Үл хөдлөх хөрөнгө","Гүйцэтгэх үндсэн үүрэг
Компанийн үйл ажиллагаатай холбоотой бүх төрлийн гэрээ хэлцэл, дүрэм журам заавар, шаардлагатай тушаал шийдвэрийн хууль зүйн хянаж, боловсруулах
Хууль эрх зүйн хамгаалалт эрсдэлгүй орчин бүрдүүлэн ажиллах
Гэрээ контракт хяналт тавих, Албан бичиг боловсруулах
Байгууллагын дотоод журамд заасан ажил үүрэг 
Удирдлагын зүгээс өгсөн үүрэг даалгавар","1,500,000 - 1,800,000 ₮"
Оффисийн үйлчлэгч,Үйлчилгээ,"Гүйцэтгэх үндсэн үүрэг- Оффисийн өдөр тутмын цэвэрлэгээг хариуцан ажиллана,","800,000 - 1,000,000 ₮"
Сувгийн хөгжлийн менежер,"Худалдаа, Борлуулалт","Гүйцэтгэх үндсэн үүрэгКомпанийн орон нутаг дахь сувгийг амжилтын дүр зургийн дагуу хөгжүүлэх, загвар цэгүүдийг бий болгох, сувгийн онцлогт тохирсон оновчтой хөтөлбөр, идэвхжүүлэлт, санал, бодлогыг хэрэгжүүлэхэд туслах, сувгийн А","2,500,000 - 3,000,000 ₮"
Эрсдэлийн мэргэжилтэн,"Банк, санхүү, нягтлан бодох бүртгэл","Гүйцэтгэх үндсэн үүрэг1. Олон улсын эрсдэлийн удирдлагын сайн практик, стандартын дагуу эрсдэлийг удирдах арга аргачлалыг боловсруулах, сайжруулах;2. Эрсдэл үүсгэж болзошгүй хүчин зүйлийг тодорхойлох, үнэлэх, эрсдэлийг удирдах, бууруулах аргачлалыг боловсруулах;3. Эрсдэлийг үнэлэх шинжлэх арга аргачлал, сценари боловсруулах, сайжруулах, эрсдэлийг үнэлэх, нөлөөллийг тогтоох, стресс тест хийх;4. Эрсдэлийн хүлээн зөвшөөрөгдөх түвшин, компанийн эрсдэл үүрэх чадамжийг тогтоож, хяналтын системийг бий болгон, холбогдох газар нэгжийн үйл ажиллагаанд хэрэгжүүлэхэд тусламж үзүүлэх, хяналт тавих;5. Эрсдэлийн дүгнэлт гаргах, хамтран ажиллагч байгууллагуудтай хийх хэлцлийн дээд хэмжээг тогтоох;6. Хөрөнгийн үнэ цэнийн бууралтыг эрсдэлийн хүчин зүйлтэй уялдуулан тооцоолох;7. Эрсдэлийг соёлыг компани даяар суурьшуулахад дэмжлэг үзүүлэх.","1,800,000 - 2,100,000 ₮"
Бүс хариуцсан менежер /Сэлэнгэ аймагт суурин/,"Худалдаа, Борлуулалт","Гүйцэтгэх үндсэн үүрэгОрон нутагт борлуулалтыг өсгөх салбарын хэвийн үйл ажилгааг хангахад шаардлагатай хүн хүч,дүрэм журам, нөөцийг бий болгох,ажилтнуудыг сургах чадавхижуулах.","2,100,000 - 2,500,000 ₮"
Бүс хариуцсан менежер /Завхан аймагт суурин/,"Худалдаа, Борлуулалт","Гүйцэтгэх үндсэн үүрэгОрон нутагт борлуулалтыг өсгөх салбарын хэвийн үйл ажилгааг хангахад шаардлагатай хүн хүч,дүрэм журам, нөөцийг бий болгох,ажилтнуудыг сургах чадавхижуулах.","2,100,000 - 2,500,000 ₮"
Бүс хариуцсан менежер /Архангай аймагт суурин/,"Худалдаа, Борлуулалт","Гүйцэтгэх үндсэн үүрэгОрон нутагт борлуулалтыг өсгөх салбарын хэвийн үйл ажилгааг хангахад шаардлагатай хүн хүч,дүрэм журам, нөөцийг бий болгох,ажилтнуудыг сургах чадавхижуулах.","2,100,000 - 2,500,000 ₮"
ЕРӨНХИЙ МЕНЕЖЕР /Англи хэлтэй/,"Захиргаа, Хүний нөөц","Гүйцэтгэх үндсэн үүрэг
Гүйцэтгэх захирлын өдөр тутмын үйл ажиллагаанд дэмжлэг болон ажиллах
Гадаад, дотоодын зочид төлөөлөгчийг угтах, уулзах
Шууд удирдлагаас өгсөн бусад үүрэг даалгаврыг цаг алдалгүй, шуурхай гүйцэтгэх
Албан тушаалын тодорхойлолтын дагуу бусад чиг үүргүүд","2,500,000 - 3,000,000 ₮"
ЖОЛООНЫ В АНГИЛАЛТАЙ ТҮГЭЭЛТИЙН АЖИЛТАН АЖИЛД АВНА,"Худалдаа, Борлуулалт",Гүйцэтгэх үндсэн үүрэгХарилцагч нарт захиалгын дагуу түгээлтийн автомашинаар бүтээгдэхүүнийг маршрутын дагуу хүргэх болон ажлын байрны тодорхойлолтод заасан бусад чиг үүргийг гүйцэтгэнэ.,"1,800,000 - 2,100,000 ₮"
ЗАХИРЛЫН ТУСЛАХ /АНГЛИ ХЭЛТЭЙ/,"Захиргаа, Хүний нөөц","Гүйцэтгэх үндсэн үүрэг
Гүйцэтгэх захирлын өдөр тутмын үйл ажиллагаанд дэмжлэг болон ажиллах
Гадаад, дотоодын зочид төлөөлөгчийг угтах, уулзах
Шууд удирдлагаас өгсөн бусад үүрэг даалгаврыг цаг алдалгүй, шуурхай гүйцэтгэх
Албан тушаалын тодорхойлолтын дагуу бусад чиг үүргүүд","2,500,000 - 3,000,000 ₮"
ХАБЭА-н ажилтан /HЬЮ ГОР ХХК/,"Барилга, Үл хөдлөх хөрөнгө","Гүйцэтгэх үндсэн үүрэг
Компанийн хэмжээнд ХАБЭА-н дүрэм журмыг боловсруулах, дагаж мөрдүүлэх
Төслийн талбайн ажилчдын хөдөлмөр аюулгүй ажиллагааг зохион байгуулж, хангуулах инженер болон талбайн ажилчдад хөдөлмөр хамгаалал, аюулгүй ажиллагааны зааварчилгаа өгөх, ослоос урьдчилан сэргийлэх,
АБТ-д заагдсан бусад ажил үүрэг","2,100,000 - 2,500,000 ₮"
САНХҮҮГИЙН ТУСЛАХ АЖИЛТАН /Хятад хэлтэй/,"Банк, санхүү, нягтлан бодох бүртгэл","Гүйцэтгэх үндсэн үүрэг
Санхүүгийн албаны өдөр тутмын үйл ажиллагаанд туслах;
Санхүүгийн баримт бичгүүдийг стандартын дагуу хөтөлж, эмхлэх;
Албан тушаалын тодорхойлолтод заагдсан бусад ажил үүргүүдийг гүйцэтгэнэ;","2,100,000 - 2,500,000 ₮"
САНТЕХНИКИЙН ИНЖЕНЕР,"Барилга, Үл хөдлөх хөрөнгө","Гүйцэтгэх үндсэн үүрэг
Гүйцэтгэгч байгууллагын сантехник угсралтын ажлын гүйцэтгэлд хяналт тавих, дутагдал доголдлыг тухай бүрт илрүүлэн засуулах арга хэмжээ авах;
Сантехникийн тоног төхөөрөмж, шугам сүлжээний зураг төслийг, төлөвлөх, төсөв төлөвлөгөөний дагуу угсралт ашиглалт, засвар үйлчилгээний ажлыг хянах болон зохион байгуулах;
Сантехникийн их болон урсгал засварын ажлын төлөвлөгөө гаргаж батлуулах, биелэлтийг хангах;","1,800,000 - 2,100,000 ₮"
Нягтлан бодогч,"Банк, санхүү, нягтлан бодох бүртгэл","Гүйцэтгэх үндсэн үүрэг
Компанийн нягтлан бодох бүртгэлийн бодлого, холбогдох журам зааварт нийцүүлэн үйл ажиллагааг оновчтой, үр ашигтай зохион байгуулах, төлөвлөх, хөгжүүлэх, хэрэгжилтэд хяналт тавих, компанийн мөнгөн урсгал болон үр ашгийн тайланг хянаж, санхүүгийн шинжилгээ хийж, дүгнэлт гаргах
Нягтлан бодох бүртгэлийн үй ажиллагааг удирлан зохион байгуулах, хяналт тавих
Удирдлагыг шаардлагатай санхүүнийн тоон мэдээллээр хангах 
Үйлдвэрлэлийн өртөг тооцох, төсөв гүйцэтгэлд хяналт тавих","2,100,000 - 2,500,000 ₮"
Брэнд менежер ажилд авна.,"Худалдаа, Борлуулалт","Гүйцэтгэх үндсэн үүрэгОлон улсад танигдсан шинэ брэндийн мэдээлэл танилцуулга, идэвхжүүлэлт хийх, захиалга авах, шинэ харилцагч нэмэх,  бүтээгдэхүүнийг зах зээлд нэвтрүүлэн хоногшуулж борлуулалтыг нэмэгдүүлж ажиллах;","1,500,000 - 1,800,000 ₮"
LPG ГОО САЙХНЫ ТӨВД ГОО САЙХАНЧ АЖИЛД АВНА.,"Спорт, Гоо сайхан, Фитнесс","Гүйцэтгэх үндсэн үүрэгLPG гоо сайхны салонд арьс, гоо заслын үйлчилгээг мэргэжлийн өндөр түвшинд үзүүлэх болон бусад АБТ-д заасан ажил үүргийг хийж гүйцэтгэнэ.","1,500,000 - 1,800,000 ₮"
Мужаан,"Ажилчид, туслах ажилтан","Гүйцэтгэх үндсэн үүрэгБанкны оффис, салбар, тооцооны төв, кассуудын тавилга эд зүйлсийн эвдрэл гэмтлүүдэд засвар үйлчилгээ хийж, ажиллах хэвийн нөхцөлөөр хангах, аж ахуйн ажилд туслахад оршино.","1,000,000 - 1,200,000 ₮"
САНТЕХНИКИЙН ГАГНУУРЧИН,"Ажилчид, туслах ажилтан",Гүйцэтгэх үндсэн үүрэгМэргэжлийн сантехник дулаан хангамжийн байгууллагад туршлагатай Сантехникийн гагнуурчин сонгон шалгаруулж авна.,"3,000,000 - 4,000,000 ₮"
Сургалтын мэргэжилтэн,"Захиргаа, Хүний нөөц","Гүйцэтгэх үндсэн үүрэг
Салбарын ажилтнуудад ажлын байран дээрх сургалт зохион байгуулах,
Тайлан төлөвлөгөө гаргах, хэрэгжилтийг хангах
Стандарт, баримт бичиг орчуулах, боловсруулах
Сургалтын үйл ажиллагаанд хяналт тавих, үнэлэх, сайжруулах арга хэмжээг зохион байгуулах.",
Хятад хэлтэй хуульчийн туслах,"Хууль, хуулийн үйлчилгээ","Гүйцэтгэх үндсэн үүрэг
Хуульч хятад хэлээр Хятадын хөрөнгө оруулалттай аж ахуйн нэгж болон компанид хууль зүйн зөвлөх үйлчилгээ үзүүлэхэд дэмжлэг үзүүлэх;
Монгол улсын хууль, тогтоомжийг Хятад хэл рүү зөв оновчтой орчуулах；
Монгол хэл дээрх гэрээ, хэлэлцээрийг Хятад хэл рүү зөв оновчтой орчуулах",
Бизнес хөгжүүлэлтийн менежер,"Худалдаа, Борлуулалт","Гүйцэтгэх үндсэн үүрэг
Шинэ бизнесийн судалгаа хийх, хэрэгжүүлэх боломжтой төслүүдийн бизнес төлөвлөгөөг боловсруулах, түүний дагуу хэрэгжүүлэх
Төслийн агуулга, хамрах хүрээ, ажлын бүтэц тодорхойлох
Төслийн удирдамж төлөвлөгөө боловсруулах, хэрэгжилтийн явц дахь төлөвлөгөө, өөрчлөлтийг удирдах
Төслийн нөөцийг бүрдүүлэх, цаг хугацаа, өртөг зардлыг удирдах
Гадаад болон дотоодын харилцагчтай харилцан ашигтай хамтран ажиллах.
Компанийн бизнесийн үр ашгийг нэмэгдүүлэхэд шаардлагатай тооцоо, судалгааг хийх, санал зөвлөмж гаргах","3,000,000 - 4,000,000 ₮"
Бизнес хөгжлийн менежер,"Худалдаа, Борлуулалт","Гүйцэтгэх үндсэн үүрэг
Шинэ бизнесийн судалгаа хийх, хэрэгжүүлэх боломжтой төслүүдийн бизнес төлөвлөгөөг боловсруулах, түүний дагуу хэрэгжүүлэх
Төслийн агуулга, хамрах хүрээ, ажлын бүтэц тодорхойлох
Төслийн удирдамж төлөвлөгөө боловсруулах, хэрэгжилтийн явц дахь төлөвлөгөө , өөрчлөлтийг удирдах
Төслийн нөөцийг бүрдүүлэх, цаг хугацаа, өртөг зардлыг удирдах
Гадаад болон дотоодын харилцагчтай харилцан ашигтай хамтран ажиллах.
Компанийн бизнесийн үр ашгийг нэмэгдүүлэхэд шаардлагатай тооцоо, судалгааг хийх, санал зөвлөмж гаргах","2,500,000 - 3,000,000 ₮"
Барилгын компанид борлуулалтын менежер авна,"Худалдаа, Борлуулалт","Гүйцэтгэх үндсэн үүрэг- ""Марч Архитект"" ХХК-ийн салбар компани болох ""Хайду Тауэр"" ХХК барилга угсралтын компаний дотоод дүрэм журам, хөдөлмөрийн гэрээг мөрдөн ажиллах 
- ""Хайду Тауэр"" ХХК-ийн хэрэгжүүлж байгаа төслүүдийг худалдан борлуулах, гэрээ хэлэлцээр хийх 
- Захиалагч нарт үл хөдлөх хөрөнгийн талаар мэдээлэл өгөх, танилцуулах, зөвлөгөө өгөх
- Ажлын байрны тодорхойлолтонд заасан чиг үүргийн дагуу ажиллах",
Худалдааны төлөөлөгч (И НОМИН),Үйлчилгээ,"Гүйцэтгэх үндсэн үүрэг
Хариуцсан суваг, борлуулалт үйлчилгээний салбаруудад бараа бүтээгдэхүүнээ худалдаалж, шинэ харилцагчийг олсноор борлуулалтын бүтээмж, үр ашгийг тогтвортойгоор өсгөх; 
Харилцагч үйлчлүүлэгчийн үйлчилгээг сайжруулах, тэднийг тогтоон барих, бараа бүтээгдэхүүний захиалга авснаас хойш харилцагчаар дамжин эцсийн хэрэглэгчдэд хүрэх хүртлэх бүхий л үйл явцад хяналт тавьж, шаардлагатай үйлчилгээгээр хангах; 
Борлуулалтын төлөвлөгөө боловсруулах, бараа болон харилцагчийн судалгаа, хуваарьт хурал уулзалтад оролцох;","1,500,000 - 1,800,000 ₮"
Архив хуулгын ажилтан,"Хэвлэл мэдээлэл, Медиа",Гүйцэтгэх үндсэн үүрэгАВТ Тодорхойлолтод заагдсан ажил үүргийг гүйцэтгэнэ.,"1,000,000 - 1,200,000 ₮"
Тээвэр зохицуулагч /Өмнөговьд ростерлох/,"Тээвэр, гааль, агуулах","Гүйцэтгэх үндсэн үүрэг1. Тээврийн мэдээ бэлдэх
2. Тээврийн хэрэгслийн бүрэн бүтэн байдлыг хариуцна
3. Тээврийн хэрэгслүүдийг үзлэг оношилгоонд цаг тухай бүрт нь оруулах
4. Түлшний хяналт, GPS хяналт хариуцах
5. Тээвэрлэлттэй холбоотой бүх мэдээллийг бэлтгэж тайлан гаргах","1,500,000 - 1,800,000 ₮"
ЭРДЭНЭТ хотод ХУДАЛДААНЫ ТӨЛӨӨЛӨГЧ ажилд авна.,"Худалдаа, Борлуулалт","Гүйцэтгэх үндсэн үүрэг 

Харилцагчидаас захиалга авч төлөвлөгөөний дагуу борлуулалт хийх 
Байгууллагын нүүр царай болж ажиллах, хэрэглэгчдийг болон шууд удирдлагыг үнэн зөв мэдээллээр хангах
Харилцагчын төлбөр тооцоо хариуцах
Шинэ харилцагч нээх","1,200,000 - 1,500,000 ₮"
Мерчант хариуцсан менежер,"Мэдээлэл технологи, Харилцаа холбоо","Гүйцэтгэх үндсэн үүрэг- Хамтран ажиллах мерчанттай тохиролцоо хийх
- Хамтран ажиллах мерчанттай гэрээ байгуулах
- Гэрээт мерчанттай байнгын харилцаа холбоотой байж, идэвхижүүлэх
- Мерчантын бүртгэлийг байнгын хийж, удирдлагыг тоон мэдээллээр хангах
- Мерчантаас ирсэн санал, гомдолыг хүлээн авах, шийдвэрлэх, мэдээлэл солилцох
- Мерчанттай хамтран аливаа үйл ажиллагааг зохион байгуулах төлөвлөгөө гаргах, хэрэгжүүлэх, тайлагнах, дүгнэх, сайжруулах
- Бусад алба нэгжтэй хамтран ажиллах
- Мерчантын буцаалттай холбоотой асуудлыг шийдвэрлэх",
ЯПОН ХООЛНЫ АХЛАХ ТОГООЧ /шинэ ресторан/,"Ресторан, Хоол үйлдвэрлэл","Гүйцэтгэх үндсэн үүрэг
7 хоног бүрээр хоолны цэсийг гаргаж. Гаргасан хоолны цэсийн дагуу амт чанартай хоолоор үйлчлэх
Хоолны амт чанар, түүний хүртээмжийн байдалд хяналт тавих.
Гал тогооны ариун цэвэр, эрүүл ахуйг цэвэр авч явах.
Тогооч бэлтгэх тогооч нарт ажлын даалгавар өгч, ажлын гүйцэтгэлийг дүгнэх
Гал тогооны ажилчдыг нормын хувцас хэрэгсэл өмсөж байгаад хяналт тавих
Хоолны дээжийг нормын дагуу авч хадгалах, устгах
Ажлын цаг ашиглалт өгсөн үүрэг даалгаварт хяналт тавих
Хүнсний хадгалалт, эрүүл ахуйд хяналт тавих.
Рестораны үйл ажиллагааг зөв зохистой удирдан зохион байгуулах.
Идэвх санаачилгатай, цэвэр нямбай, түргэн шуурхай үйлчлэх.
Гаднын зочид төлөөлөгч ирэхэд амт чанартай хоолоор түргэн шуурхай соёлч боловсон үйлчлэх,","3,000,000 - 4,000,000 ₮"
Ковшийн оператор / HL780XTD-9/,Уул уурхай,Гүйцэтгэх үндсэн үүрэгАжлын байрны тодорхойлолтод заасан ажил үүргийг хийж гүйцэтгэнэ.,"2,100,000 - 2,500,000 ₮"
Эх бэлтгэгч- дизайнер,"Дизайн, Энтертайнмент, Соёл урлаг","Гүйцэтгэх үндсэн үүрэгХэвлэх үйлдвэрийн эх бэлтгэлийн албанд номын хавтас, зурагт ном болон номын бусад чимэглэлийн загвар гаргах, ном, сэтгүүлийн дотор өрөлт, монтаж хийх, эх бэлтгэл хийх. 
Ажлын 5 өдөр 8цаг 
Суурь цалинтай- үнэлгээт цалинтай","1,500,000 - 1,800,000 ₮"
Маркетингийн менежер,"Маркетинг, PR, Менежмент","Гүйцэтгэх үндсэн үүрэгЭмнэлгийн нэр хүнд, үнэ цэнийг өсгөх, олон нийттэй харилцах бодлогыг хэрэгжүүлэх, маркетингийн стратеги, төсөл боловсруулах, хэрэгжүүлэх, тайлагнах, эмнэлгийн  бүтээгдэхүүн үйлчилгээний борлуулалтыг нэмэгдүүлэхэд дэмжлэг үзүүлэх, хэрэглэгчийн сэтгэл ханамжийг сайжруулах, өрсөлдөгчийн болон зах зээлийн судалгаа хийх, эмнэлгийн цахим хуудсыг шинэчлэх, мэдээллийг баяжуулах ажлыг хариуцах, олон нийттэй харилцах ажлыг зохион байгуулж ажиллах","1,500,000 - 1,800,000 ₮"
Борлуулалт импортын менежер (Лоттэ төсөл),"Худалдаа, Борлуулалт","Гүйцэтгэх үндсэн үүрэг
Бараа бүтээгдэхүүний импорт, бараа татан авалт, дотоод зах зээлийн судалгаа шинжилгээ хийх, эрэлт нийлүүлэлтийг тооцоолох, борлуулалтын төлөвлөгөөг хянаж, хэрэгжүүлэх,
Барааны бүртгэлийг санхүүгийн програмуудад бүртгэх, удирдлагад тайлагнах, худалдааны нэгжийн өдөр тутмын үйл ажиллагаанд дэмжлэг үзүүлэх,
Барааны нэр төрлийг нэмэгдүүлэх, нөөцийг бүрдүүлэх, зах зээлд өрсөлдөх чадварыг дээшлүүлэх,","2,100,000 - 2,500,000 ₮"
Баримт бичиг хяналтын ажилтан,"Барилга, Үл хөдлөх хөрөнгө","Гүйцэтгэх үндсэн үүрэг
Өдөр бүр, 7 хоног бүр, сар бүрийн төслийн тайланг нэгтгэж төсөлд оролцогч талуудад илгээх
Барилга угсралт болон ашиглалттай холбоотой бүх баримт бичгийн бүртгэл хөтлөх, шинэчлэх
Хэлтсийн нэгдсэн мэдээллийн сан үүсгэх, шинэчлэх
Төсөлд шаардлагатай баримт бичгийн загварууд бэлдэх
Хэлтсийн ажилчдыг баримт бичгийн нэгдсэн системд оруулах, хэрэгжүүлэлтийг хянах
Төслийн бүх баримт бичгийг цахим болон хэвлэмэл байдлаар хадгалах архивлах
Хурлын тэмдэглэл хөтлөх, хурлуудыг зохион байгуулах

Төслийн баримт бичиг хяналтын журмыг боловсруулах","2,100,000 - 2,500,000 ₮"
ДЭЛГҮҮРИЙН АЖИЛТАН-3 сар,"Худалдаа, Борлуулалт",Гүйцэтгэх үндсэн үүрэгАБТ-д заагдсан ажил үүргийг гүйцэтгэх,"1,200,000 - 1,500,000 ₮"
Эрдэнэт салбар дэлгүүрт Худалдааны зөвлөх,"Худалдаа, Борлуулалт","Гүйцэтгэх үндсэн үүрэг
Электрон барааны дэлгүүрт худалдааны зөвлөх хийж үйлчлүүлэгчид бараа бүтээгдэхүүн тайлбарлаж, худалдах.
Бусад ажлын байрны тодорхойлолтод заасан ажил үүргүүд","1,500,000 - 1,800,000 ₮"
"Захирлын туслах, бичиг хэргийн ажилтан","Эмнэлэг, Эм хангамж","Гүйцэтгэх үндсэн үүрэгЗахирлыг ажил үүргээ гүйцэтгэхэд нь шаардагдах мэдээ, мэдээллээр хангах, зохион байгуулалт хийж ажиллах, Захирлын тушаал, холбогдох албан болон бусад бичиг баримтыг стандартад нийцүүлэн бэлтгэж гаргах, ирсэн, явсан албан тоотуудын биелэлт гүйцэтгэлийг ханган ажиллах","1,200,000 - 1,500,000 ₮"
Судлаач /эмч/,"Эмнэлэг, Эм хангамж",Гүйцэтгэх үндсэн үүрэгАжлын байрны тодорхойлолт заасан чиг үүргийн дагуу ажиллана.,"2,500,000 - 3,000,000 ₮"
Түгээгч,"Эмнэлэг, Эм хангамж","Гүйцэтгэх үндсэн үүрэгТээврийн хэрэгслийн бүрэн бүтэн байдлыг хангаж, бүтээгдэхүүнийг заагдсан эмийн сангийн маршрутын дагуу түргэн шуурхай бараа бүтээгдэхүүнийг түгээх, хүлээлгэн өгөх.","1,500,000 - 1,800,000 ₮"
